<?xml version="1.0" encoding="UTF-8"?><gpx creator="Garmin Connect" version="1.1"
xsi:schemaLocation="http://www.topografix.com/GPX/1/1 http://www.topografix.com/GPX/11.xsd"
xmlns:ns3="http://www.garmin.com/xmlschemas/TrackPointExtension/v1"
xmlns="http://www.topografix.com/GPX/1/1"
xmlns:xsi="http://www.w3.org/2001/XMLSchema-instance"
xmlns:ns2="http://www.garmin.com/xmlschemas/GpxExtensions/v3"><metadata><time>2026-06-06T23:36:27.000Z</time></metadata><trk><type>20260607户外跑步</type><extensions><totalTime>2032</totalTime><cumulativeDecrease>26.8</cumulativeDecrease><cumulativeClimb>26.4</cumulativeClimb><totalDistance>5210</totalDistance><routeType>0</routeType></extensions><trkseg><trkpt lat="31.20393090905637" lon="121.6456198610765"><ele>4.4</ele><time>2026-06-06T23:36:27.000Z</time></trkpt>
<trkpt lat="31.20393792116297" lon="121.6456108761883"><ele>4.4</ele><time>2026-06-06T23:36:28.000Z</time></trkpt>
<trkpt lat="31.20395393922621" lon="121.645595901011"><ele>4.4</ele><time>2026-06-06T23:36:29.000Z</time></trkpt>
<trkpt lat="31.20396895087861" lon="121.6455849189401"><ele>4.4</ele><time>2026-06-06T23:36:30.000Z</time></trkpt>
<trkpt lat="31.20398696451431" lon="121.6455719401034"><ele>4.4</ele><time>2026-06-06T23:36:31.000Z</time></trkpt>
<trkpt lat="31.20400497814737" lon="121.6455589612634"><ele>4.4</ele><time>2026-06-06T23:36:32.000Z</time></trkpt>
<trkpt lat="31.20402499252638" lon="121.6455449839964"><ele>4.4</ele><time>2026-06-06T23:36:33.000Z</time></trkpt>
<trkpt lat="31.20404700075978" lon="121.6455340013329"><ele>4.4</ele><time>2026-06-06T23:36:34.000Z</time></trkpt>
<trkpt lat="31.20406701341093" lon="121.6455210223173"><ele>4.3</ele><time>2026-06-06T23:36:35.000Z</time></trkpt>
<trkpt lat="31.2040870295041" lon="121.6455060467818"><ele>4.3</ele><time>2026-06-06T23:36:36.000Z</time></trkpt>
<trkpt lat="31.20410604780288" lon="121.6454900730664"><ele>4.3</ele><time>2026-06-06T23:36:37.000Z</time></trkpt>
<trkpt lat="31.20412407002807" lon="121.6454721029113"><ele>4.3</ele><time>2026-06-06T23:36:38.000Z</time></trkpt>
<trkpt lat="31.20414010010754" lon="121.6454501398787"><ele>4.3</ele><time>2026-06-06T23:36:39.000Z</time></trkpt>
<trkpt lat="31.20415613017887" lon="121.6454281768368"><ele>4.3</ele><time>2026-06-06T23:36:40.000Z</time></trkpt>
<trkpt lat="31.20417315803441" lon="121.6454072119627"><ele>4.3</ele><time>2026-06-06T23:36:41.000Z</time></trkpt>
<trkpt lat="31.20419018588256" lon="121.6453862470802"><ele>4.3</ele><time>2026-06-06T23:36:42.000Z</time></trkpt>
<trkpt lat="31.2042062124905" lon="121.6453662805333"><ele>4.3</ele><time>2026-06-06T23:36:43.000Z</time></trkpt>
<trkpt lat="31.20422224253071" lon="121.6453443174559"><ele>4.3</ele><time>2026-06-06T23:36:44.000Z</time></trkpt>
<trkpt lat="31.20423627525587" lon="121.6453213562734"><ele>4.5</ele><time>2026-06-06T23:36:45.000Z</time></trkpt>
<trkpt lat="31.2042473111517" lon="121.6452973970677"><ele>4.5</ele><time>2026-06-06T23:36:46.000Z</time></trkpt>
<trkpt lat="31.20425735267928" lon="121.6452704431454"><ele>4.5</ele><time>2026-06-06T23:36:47.000Z</time></trkpt>
<trkpt lat="31.20426439737295" lon="121.6452424911949"><ele>4.5</ele><time>2026-06-06T23:36:48.000Z</time></trkpt>
<trkpt lat="31.20426944302697" lon="121.6452145393955"><ele>4.5</ele><time>2026-06-06T23:36:49.000Z</time></trkpt>
<trkpt lat="31.20427548989708" lon="121.6451855892332"><ele>4.5</ele><time>2026-06-06T23:36:50.000Z</time></trkpt>
<trkpt lat="31.20428253454933" lon="121.6451576372365"><ele>4.5</ele><time>2026-06-06T23:36:51.000Z</time></trkpt>
<trkpt lat="31.20429157306668" lon="121.6451326798551"><ele>4.5</ele><time>2026-06-06T23:36:52.000Z</time></trkpt>
<trkpt lat="31.20430260888388" lon="121.6451087205614"><ele>4.5</ele><time>2026-06-06T23:36:53.000Z</time></trkpt>
<trkpt lat="31.20431264689297" lon="121.6450837630731"><ele>4.5</ele><time>2026-06-06T23:36:54.000Z</time></trkpt>
<trkpt lat="31.20431768561142" lon="121.6450598042551"><ele>4.6</ele><time>2026-06-06T23:36:55.000Z</time></trkpt>
<trkpt lat="31.20431872798163" lon="121.6450348474909"><ele>4.6</ele><time>2026-06-06T23:36:56.000Z</time></trkpt>
<trkpt lat="31.20431377668979" lon="121.6450078946771"><ele>4.6</ele><time>2026-06-06T23:36:57.000Z</time></trkpt>
<trkpt lat="31.20430282659377" lon="121.6449819406161"><ele>4.6</ele><time>2026-06-06T23:36:58.000Z</time></trkpt>
<trkpt lat="31.20429087697291" lon="121.644955986625"><ele>4.6</ele><time>2026-06-06T23:36:59.000Z</time></trkpt>
<trkpt lat="31.20427892562801" lon="121.6449310308902"><ele>4.6</ele><time>2026-06-06T23:37:00.000Z</time></trkpt>
<trkpt lat="31.2042669742722" lon="121.6449060751431"><ele>4.6</ele><time>2026-06-06T23:37:01.000Z</time></trkpt>
<trkpt lat="31.2042560207071" lon="121.644882117571"><ele>4.6</ele><time>2026-06-06T23:37:02.000Z</time></trkpt>
<trkpt lat="31.20424506713191" lon="121.6448581599876"><ele>4.6</ele><time>2026-06-06T23:37:03.000Z</time></trkpt>
<trkpt lat="31.20423511134907" lon="121.6448352005811"><ele>4.6</ele><time>2026-06-06T23:37:04.000Z</time></trkpt>
<trkpt lat="31.2042261550699" lon="121.6448122410811"><ele>4.5</ele><time>2026-06-06T23:37:05.000Z</time></trkpt>
<trkpt lat="31.20421919951706" lon="121.6447882831321"><ele>4.5</ele><time>2026-06-06T23:37:06.000Z</time></trkpt>
<trkpt lat="31.2042132417577" lon="121.6447653233614"><ele>4.5</ele><time>2026-06-06T23:37:07.000Z</time></trkpt>
<trkpt lat="31.204211278623" lon="121.6447443597942"><ele>4.5</ele><time>2026-06-06T23:37:08.000Z</time></trkpt>
<trkpt lat="31.2042133135323" lon="121.6447233958859"><ele>4.5</ele><time>2026-06-06T23:37:09.000Z</time></trkpt>
<trkpt lat="31.20421933794454" lon="121.6447074230065"><ele>4.5</ele><time>2026-06-06T23:37:10.000Z</time></trkpt>
<trkpt lat="31.20423035479311" lon="121.6446944445292"><ele>4.5</ele><time>2026-06-06T23:37:11.000Z</time></trkpt>
<trkpt lat="31.20424636578808" lon="121.644683462182"><ele>4.5</ele><time>2026-06-06T23:37:12.000Z</time></trkpt>
<trkpt lat="31.20426437409947" lon="121.6446734779408"><ele>4.5</ele><time>2026-06-06T23:37:13.000Z</time></trkpt>
<trkpt lat="31.20428338021488" lon="121.6446644918893"><ele>4.5</ele><time>2026-06-06T23:37:14.000Z</time></trkpt>
<trkpt lat="31.2043033875495" lon="121.6446545074781"><ele>4.3</ele><time>2026-06-06T23:37:15.000Z</time></trkpt>
<trkpt lat="31.204323400004" lon="121.6446415282393"><ele>4.3</ele><time>2026-06-06T23:37:16.000Z</time></trkpt>
<trkpt lat="31.20434341416265" lon="121.6446275507215"><ele>4.3</ele><time>2026-06-06T23:37:17.000Z</time></trkpt>
<trkpt lat="31.20436243221817" lon="121.6446115767312"><ele>4.3</ele><time>2026-06-06T23:37:18.000Z</time></trkpt>
<trkpt lat="31.20438145197566" lon="121.6445946044597"><ele>4.3</ele><time>2026-06-06T23:37:19.000Z</time></trkpt>
<trkpt lat="31.20440146953544" lon="121.6445786303758"><ele>4.3</ele><time>2026-06-06T23:37:20.000Z</time></trkpt>
<trkpt lat="31.20442048587216" lon="121.6445636546468"><ele>4.3</ele><time>2026-06-06T23:37:21.000Z</time></trkpt>
<trkpt lat="31.20444150123145" lon="121.6445486787471"><ele>4.3</ele><time>2026-06-06T23:37:22.000Z</time></trkpt>
<trkpt lat="31.20446251488192" lon="121.6445347011203"><ele>4.3</ele><time>2026-06-06T23:37:23.000Z</time></trkpt>
<trkpt lat="31.20448552414574" lon="121.6445227198787"><ele>4.3</ele><time>2026-06-06T23:37:24.000Z</time></trkpt>
<trkpt lat="31.20450853340742" lon="121.6445107386342"><ele>5.1</ele><time>2026-06-06T23:37:25.000Z</time></trkpt>
<trkpt lat="31.20453154266696" lon="121.6444987573869"><ele>5.1</ele><time>2026-06-06T23:37:26.000Z</time></trkpt>
<trkpt lat="31.20455455022003" lon="121.644487774415"><ele>5.1</ele><time>2026-06-06T23:37:27.000Z</time></trkpt>
<trkpt lat="31.20457755777137" lon="121.6444767914407"><ele>5.1</ele><time>2026-06-06T23:37:28.000Z</time></trkpt>
<trkpt lat="31.20459756678112" lon="121.6444658087133"><ele>5.1</ele><time>2026-06-06T23:37:29.000Z</time></trkpt>
<trkpt lat="31.20461657797944" lon="121.6444538277876"><ele>5.1</ele><time>2026-06-06T23:37:30.000Z</time></trkpt>
<trkpt lat="31.20463359355579" lon="121.6444398504666"><ele>5.1</ele><time>2026-06-06T23:37:31.000Z</time></trkpt>
<trkpt lat="31.20465061083205" lon="121.6444248748621"><ele>5.1</ele><time>2026-06-06T23:37:32.000Z</time></trkpt>
<trkpt lat="31.20466663029406" lon="121.6444089010563"><ele>5.1</ele><time>2026-06-06T23:37:33.000Z</time></trkpt>
<trkpt lat="31.20468365096761" lon="121.644391928882"><ele>5.1</ele><time>2026-06-06T23:37:34.000Z</time></trkpt>
<trkpt lat="31.20470366677169" lon="121.6443769530137"><ele>5.4</ele><time>2026-06-06T23:37:35.000Z</time></trkpt>
<trkpt lat="31.2047236791679" lon="121.6443639737026"><ele>5.4</ele><time>2026-06-06T23:37:36.000Z</time></trkpt>
<trkpt lat="31.20474668669788" lon="121.644352990701"><ele>5.4</ele><time>2026-06-06T23:37:37.000Z</time></trkpt>
<trkpt lat="31.20476969422611" lon="121.6443420076969"><ele>5.4</ele><time>2026-06-06T23:37:38.000Z</time></trkpt>
<trkpt lat="31.20479668959713" lon="121.6443370140467"><ele>5.4</ele><time>2026-06-06T23:37:39.000Z</time></trkpt>
<trkpt lat="31.20483872020245" lon="121.6443070621063"><ele>5.4</ele><time>2026-06-06T23:37:41.000Z</time></trkpt>
<trkpt lat="31.20485873428525" lon="121.6442930844946"><ele>5.4</ele><time>2026-06-06T23:37:42.000Z</time></trkpt>
<trkpt lat="31.20487375759929" lon="121.6442751141642"><ele>5.4</ele><time>2026-06-06T23:37:43.000Z</time></trkpt>
<trkpt lat="31.20489277216102" lon="121.6442611366266"><ele>5.4</ele><time>2026-06-06T23:37:44.000Z</time></trkpt>
<trkpt lat="31.2049117867195" lon="121.6442471590851"><ele>4.5</ele><time>2026-06-06T23:37:45.000Z</time></trkpt>
<trkpt lat="31.20493279690238" lon="121.6442351779403"><ele>4.5</ele><time>2026-06-06T23:37:46.000Z</time></trkpt>
<trkpt lat="31.20495480319751" lon="121.6442251932768"><ele>4.5</ele><time>2026-06-06T23:37:47.000Z</time></trkpt>
<trkpt lat="31.20497780730543" lon="121.6442162068121"><ele>4.5</ele><time>2026-06-06T23:37:48.000Z</time></trkpt>
<trkpt lat="31.20500181092593" lon="121.6442072202626"><ele>4.5</ele><time>2026-06-06T23:37:49.000Z</time></trkpt>
<trkpt lat="31.20502381381909" lon="121.6441992321618"><ele>4.5</ele><time>2026-06-06T23:37:50.000Z</time></trkpt>
<trkpt lat="31.20504681622513" lon="121.6441912439766"><ele>4.5</ele><time>2026-06-06T23:37:51.000Z</time></trkpt>
<trkpt lat="31.20506982032925" lon="121.6441822575057"><ele>4.5</ele><time>2026-06-06T23:37:52.000Z</time></trkpt>
<trkpt lat="31.20509182491863" lon="121.6441732711162"><ele>4.5</ele><time>2026-06-06T23:37:53.000Z</time></trkpt>
<trkpt lat="31.20511283169168" lon="121.6441632865233"><ele>4.5</ele><time>2026-06-06T23:37:54.000Z</time></trkpt>
<trkpt lat="31.205134837977" lon="121.6441533018452"><ele>4.7</ele><time>2026-06-06T23:37:55.000Z</time></trkpt>
<trkpt lat="31.20515584644522" lon="121.6441423189629"><ele>4.7</ele><time>2026-06-06T23:37:56.000Z</time></trkpt>
<trkpt lat="31.20517585709567" lon="121.6441303378758"><ele>4.7</ele><time>2026-06-06T23:37:57.000Z</time></trkpt>
<trkpt lat="31.20519586944143" lon="121.6441173584998"><ele>4.7</ele><time>2026-06-06T23:37:58.000Z</time></trkpt>
<trkpt lat="31.20521588178444" lon="121.6441043791205"><ele>4.7</ele><time>2026-06-06T23:37:59.000Z</time></trkpt>
<trkpt lat="31.205234896308" lon="121.6440904015344"><ele>4.7</ele><time>2026-06-06T23:38:00.000Z</time></trkpt>
<trkpt lat="31.20525490864525" lon="121.6440774221479"><ele>4.7</ele><time>2026-06-06T23:38:01.000Z</time></trkpt>
<trkpt lat="31.20527492437295" lon="121.6440624461842"><ele>4.7</ele><time>2026-06-06T23:38:02.000Z</time></trkpt>
<trkpt lat="31.20529394058301" lon="121.6440474702989"><ele>4.7</ele><time>2026-06-06T23:38:03.000Z</time></trkpt>
<trkpt lat="31.2053119589714" lon="121.6440314962045"><ele>4.7</ele><time>2026-06-06T23:38:04.000Z</time></trkpt>
<trkpt lat="31.2053299807468" lon="121.6440135255291"><ele>4.7</ele><time>2026-06-06T23:38:05.000Z</time></trkpt>
<trkpt lat="31.20534500736548" lon="121.6439935585197"><ele>4.7</ele><time>2026-06-06T23:38:06.000Z</time></trkpt>
<trkpt lat="31.20535903785298" lon="121.6439715950077"><ele>4.7</ele><time>2026-06-06T23:38:07.000Z</time></trkpt>
<trkpt lat="31.20537007148446" lon="121.6439486334457"><ele>4.7</ele><time>2026-06-06T23:38:08.000Z</time></trkpt>
<trkpt lat="31.20537810825858" lon="121.6439246738324"><ele>4.7</ele><time>2026-06-06T23:38:09.000Z</time></trkpt>
<trkpt lat="31.20538514889541" lon="121.6438987177099"><ele>4.7</ele><time>2026-06-06T23:38:10.000Z</time></trkpt>
<trkpt lat="31.20539018879882" lon="121.6438737600304"><ele>4.7</ele><time>2026-06-06T23:38:11.000Z</time></trkpt>
<trkpt lat="31.20539423086942" lon="121.6438478041299"><ele>4.7</ele><time>2026-06-06T23:38:12.000Z</time></trkpt>
<trkpt lat="31.20539727341361" lon="121.6438218482985"><ele>4.7</ele><time>2026-06-06T23:38:13.000Z</time></trkpt>
<trkpt lat="31.20540231328152" lon="121.6437968905794"><ele>4.7</ele><time>2026-06-06T23:38:14.000Z</time></trkpt>
<trkpt lat="31.20540934878332" lon="121.6437739292671"><ele>4.6</ele><time>2026-06-06T23:38:15.000Z</time></trkpt>
<trkpt lat="31.20541838330329" lon="121.6437509677776"><ele>4.6</ele><time>2026-06-06T23:38:16.000Z</time></trkpt>
<trkpt lat="31.20542941177014" lon="121.6437310009925"><ele>4.6</ele><time>2026-06-06T23:38:17.000Z</time></trkpt>
<trkpt lat="31.2054434353914" lon="121.6437130305381"><ele>4.6</ele><time>2026-06-06T23:38:18.000Z</time></trkpt>
<trkpt lat="31.20545945465516" lon="121.6436970564998"><ele>4.6</ele><time>2026-06-06T23:38:19.000Z</time></trkpt>
<trkpt lat="31.20547647173885" lon="121.6436820806679"><ele>4.6</ele><time>2026-06-06T23:38:20.000Z</time></trkpt>
<trkpt lat="31.20549248930456" lon="121.6436671049144"><ele>4.6</ele><time>2026-06-06T23:38:21.000Z</time></trkpt>
<trkpt lat="31.2055085085553" lon="121.6436511308609"><ele>4.6</ele><time>2026-06-06T23:38:22.000Z</time></trkpt>
<trkpt lat="31.20552353335342" lon="121.6436321619978"><ele>4.6</ele><time>2026-06-06T23:38:23.000Z</time></trkpt>
<trkpt lat="31.20553656080513" lon="121.6436121949972"><ele>4.6</ele><time>2026-06-06T23:38:24.000Z</time></trkpt>
<trkpt lat="31.20554859042334" lon="121.6435912297746"><ele>5.6</ele><time>2026-06-06T23:38:25.000Z</time></trkpt>
<trkpt lat="31.20555962389426" lon="121.6435682680318"><ele>5.6</ele><time>2026-06-06T23:38:26.000Z</time></trkpt>
<trkpt lat="31.20556965952832" lon="121.6435443080633"><ele>5.6</ele><time>2026-06-06T23:38:27.000Z</time></trkpt>
<trkpt lat="31.20557869563759" lon="121.6435203481659"><ele>5.6</ele><time>2026-06-06T23:38:28.000Z</time></trkpt>
<trkpt lat="31.2055867355942" lon="121.6434943917423"><ele>5.6</ele><time>2026-06-06T23:38:29.000Z</time></trkpt>
<trkpt lat="31.20559177868142" lon="121.6434674372546"><ele>5.6</ele><time>2026-06-06T23:38:30.000Z</time></trkpt>
<trkpt lat="31.20559482272676" lon="121.6434404829177"><ele>5.6</ele><time>2026-06-06T23:38:31.000Z</time></trkpt>
<trkpt lat="31.20559486821608" lon="121.6434135288149"><ele>5.6</ele><time>2026-06-06T23:38:32.000Z</time></trkpt>
<trkpt lat="31.20559391417759" lon="121.6433865747798"><ele>5.6</ele><time>2026-06-06T23:38:33.000Z</time></trkpt>
<trkpt lat="31.20558996158306" lon="121.6433596209787"><ele>5.6</ele><time>2026-06-06T23:38:34.000Z</time></trkpt>
<trkpt lat="31.2055860072918" lon="121.6433336654644"><ele>6.6</ele><time>2026-06-06T23:38:35.000Z</time></trkpt>
<trkpt lat="31.20558005227705" lon="121.6433087084046"><ele>6.6</ele><time>2026-06-06T23:38:36.000Z</time></trkpt>
<trkpt lat="31.20557309773645" lon="121.6432837514147"><ele>6.6</ele><time>2026-06-06T23:38:37.000Z</time></trkpt>
<trkpt lat="31.20556514367" lon="121.6432587944947"><ele>6.6</ele><time>2026-06-06T23:38:38.000Z</time></trkpt>
<trkpt lat="31.20555618839655" lon="121.6432348359487"><ele>6.6</ele><time>2026-06-06T23:38:39.000Z</time></trkpt>
<trkpt lat="31.20554623359821" lon="121.6432108774737"><ele>6.6</ele><time>2026-06-06T23:38:40.000Z</time></trkpt>
<trkpt lat="31.20553627710877" lon="121.6431879172916"><ele>6.6</ele><time>2026-06-06T23:38:41.000Z</time></trkpt>
<trkpt lat="31.20552532277516" lon="121.6431639588758"><ele>6.6</ele><time>2026-06-06T23:38:42.000Z</time></trkpt>
<trkpt lat="31.20551436507197" lon="121.64314199706"><ele>6.6</ele><time>2026-06-06T23:38:43.000Z</time></trkpt>
<trkpt lat="31.20550340903866" lon="121.6431190369274"><ele>6.6</ele><time>2026-06-06T23:38:44.000Z</time></trkpt>
<trkpt lat="31.20549245467392" lon="121.6430950784764"><ele>7.5</ele><time>2026-06-06T23:38:45.000Z</time></trkpt>
<trkpt lat="31.20548249813428" lon="121.6430721182377"><ele>7.5</ele><time>2026-06-06T23:38:46.000Z</time></trkpt>
<trkpt lat="31.20547154207064" lon="121.6430491580708"><ele>7.5</ele><time>2026-06-06T23:38:47.000Z</time></trkpt>
<trkpt lat="31.20546058599703" lon="121.6430261978927"><ele>7.5</ele><time>2026-06-06T23:38:48.000Z</time></trkpt>
<trkpt lat="31.20544962823667" lon="121.6430042360123"><ele>7.5</ele><time>2026-06-06T23:38:49.000Z</time></trkpt>
<trkpt lat="31.20543767095318" lon="121.6429822742047"><ele>7.5</ele><time>2026-06-06T23:38:50.000Z</time></trkpt>
<trkpt lat="31.20542671317455" lon="121.6429603123037"><ele>7.5</ele><time>2026-06-06T23:38:51.000Z</time></trkpt>
<trkpt lat="31.20541575706226" lon="121.6429373520819"><ele>7.5</ele><time>2026-06-06T23:38:52.000Z</time></trkpt>
<trkpt lat="31.20540879899578" lon="121.6429143915165"><ele>7.5</ele><time>2026-06-06T23:38:53.000Z</time></trkpt>
<trkpt lat="31.20540683848898" lon="121.6428914305243"><ele>7.5</ele><time>2026-06-06T23:38:54.000Z</time></trkpt>
<trkpt lat="31.2054088743537" lon="121.6428694675005"><ele>5.9</ele><time>2026-06-06T23:38:55.000Z</time></trkpt>
<trkpt lat="31.20541790680689" lon="121.6428475038849"><ele>5.9</ele><time>2026-06-06T23:38:56.000Z</time></trkpt>
<trkpt lat="31.20543093396002" lon="121.6428275365523"><ele>5.9</ele><time>2026-06-06T23:38:57.000Z</time></trkpt>
<trkpt lat="31.20544595846058" lon="121.6428085673582"><ele>5.9</ele><time>2026-06-06T23:38:58.000Z</time></trkpt>
<trkpt lat="31.20546198079573" lon="121.642790596387"><ele>5.9</ele><time>2026-06-06T23:38:59.000Z</time></trkpt>
<trkpt lat="31.20547800479717" lon="121.6427716270948"><ele>5.9</ele><time>2026-06-06T23:39:00.000Z</time></trkpt>
<trkpt lat="31.20549402879188" lon="121.6427526577948"><ele>5.9</ele><time>2026-06-06T23:39:01.000Z</time></trkpt>
<trkpt lat="31.20551005445141" lon="121.6427326901722"><ele>5.9</ele><time>2026-06-06T23:39:02.000Z</time></trkpt>
<trkpt lat="31.20552608177459" lon="121.6427117242256"><ele>5.9</ele><time>2026-06-06T23:39:03.000Z</time></trkpt>
<trkpt lat="31.20554210908947" lon="121.6426907582696"><ele>5.9</ele><time>2026-06-06T23:39:04.000Z</time></trkpt>
<trkpt lat="31.2055571385523" lon="121.6426687940708"><ele>5.4</ele><time>2026-06-06T23:39:05.000Z</time></trkpt>
<trkpt lat="31.20557116849187" lon="121.6426468299447"><ele>5.4</ele><time>2026-06-06T23:39:06.000Z</time></trkpt>
<trkpt lat="31.20558519842223" lon="121.6426248658081"><ele>5.4</ele><time>2026-06-06T23:39:07.000Z</time></trkpt>
<trkpt lat="31.20559823216731" lon="121.6426009051087"><ele>5.4</ele><time>2026-06-06T23:39:08.000Z</time></trkpt>
<trkpt lat="31.20560926520457" lon="121.6425779428812"><ele>5.4</ele><time>2026-06-06T23:39:09.000Z</time></trkpt>
<trkpt lat="31.20562029989977" lon="121.6425539823235"><ele>5.4</ele><time>2026-06-06T23:39:10.000Z</time></trkpt>
<trkpt lat="31.20562833937666" lon="121.6425280253639"><ele>5.4</ele><time>2026-06-06T23:39:11.000Z</time></trkpt>
<trkpt lat="31.20563437981217" lon="121.6425020685558"><ele>5.4</ele><time>2026-06-06T23:39:12.000Z</time></trkpt>
<trkpt lat="31.20563742335867" lon="121.6424751136616"><ele>5.4</ele><time>2026-06-06T23:39:13.000Z</time></trkpt>
<trkpt lat="31.20563746834853" lon="121.6424481590009"><ele>5.4</ele><time>2026-06-06T23:39:14.000Z</time></trkpt>
<trkpt lat="31.20563351526758" lon="121.6424212046565"><ele>5.1</ele><time>2026-06-06T23:39:15.000Z</time></trkpt>
<trkpt lat="31.20562756147915" lon="121.6423952487845"><ele>5.1</ele><time>2026-06-06T23:39:16.000Z</time></trkpt>
<trkpt lat="31.20561860913513" lon="121.642369293147"><ele>5.1</ele><time>2026-06-06T23:39:17.000Z</time></trkpt>
<trkpt lat="31.20560865559986" lon="121.6423443359011"><ele>5.1</ele><time>2026-06-06T23:39:18.000Z</time></trkpt>
<trkpt lat="31.20559870205244" lon="121.6423193786415"><ele>5.1</ele><time>2026-06-06T23:39:19.000Z</time></trkpt>
<trkpt lat="31.20558674780161" lon="121.6422954198587"><ele>5.1</ele><time>2026-06-06T23:39:20.000Z</time></trkpt>
<trkpt lat="31.20557479520217" lon="121.6422704627384"><ele>5.1</ele><time>2026-06-06T23:39:21.000Z</time></trkpt>
<trkpt lat="31.20556183975235" lon="121.6422475023383"><ele>5.1</ele><time>2026-06-06T23:39:22.000Z</time></trkpt>
<trkpt lat="31.2055478847782" lon="121.6422245420098"><ele>5.1</ele><time>2026-06-06T23:39:23.000Z</time></trkpt>
<trkpt lat="31.20553392813261" lon="121.642202579996"><ele>5.1</ele><time>2026-06-06T23:39:24.000Z</time></trkpt>
<trkpt lat="31.20551996981688" lon="121.6421816162985"><ele>5.1</ele><time>2026-06-06T23:39:25.000Z</time></trkpt>
<trkpt lat="31.20550401080416" lon="121.6421616510847"><ele>5.1</ele><time>2026-06-06T23:39:26.000Z</time></trkpt>
<trkpt lat="31.20548904963778" lon="121.6421426841068"><ele>5.1</ele><time>2026-06-06T23:39:27.000Z</time></trkpt>
<trkpt lat="31.20547208943644" lon="121.6421237172871"><ele>5.1</ele><time>2026-06-06T23:39:28.000Z</time></trkpt>
<trkpt lat="31.20545512756894" lon="121.6421057487881"><ele>5.1</ele><time>2026-06-06T23:39:29.000Z</time></trkpt>
<trkpt lat="31.20543816403632" lon="121.6420887786108"><ele>5.1</ele><time>2026-06-06T23:39:30.000Z</time></trkpt>
<trkpt lat="31.20542020098427" lon="121.6420718085102"><ele>5.1</ele><time>2026-06-06T23:39:31.000Z</time></trkpt>
<trkpt lat="31.20540223792677" lon="121.6420548384032"><ele>5.1</ele><time>2026-06-06T23:39:32.000Z</time></trkpt>
<trkpt lat="31.20538527271981" lon="121.6420388665368"><ele>5.1</ele><time>2026-06-06T23:39:33.000Z</time></trkpt>
<trkpt lat="31.20536730633642" lon="121.6420238930782"><ele>5.1</ele><time>2026-06-06T23:39:34.000Z</time></trkpt>
<trkpt lat="31.20534933663405" lon="121.642010916276"><ele>5.6</ele><time>2026-06-06T23:39:35.000Z</time></trkpt>
<trkpt lat="31.20533036244314" lon="121.642000934546"><ele>5.6</ele><time>2026-06-06T23:39:36.000Z</time></trkpt>
<trkpt lat="31.20531138493645" lon="121.641992949476"><ele>5.6</ele><time>2026-06-06T23:39:37.000Z</time></trkpt>
<trkpt lat="31.20529040508724" lon="121.6419869612332"><ele>5.6</ele><time>2026-06-06T23:39:38.000Z</time></trkpt>
<trkpt lat="31.20527042475152" lon="121.6419809729066"><ele>5.6</ele><time>2026-06-06T23:39:39.000Z</time></trkpt>
<trkpt lat="31.2052494449016" lon="121.6419749846621"><ele>5.6</ele><time>2026-06-06T23:39:40.000Z</time></trkpt>
<trkpt lat="31.2052284667079" lon="121.6419679980853"><ele>5.6</ele><time>2026-06-06T23:39:41.000Z</time></trkpt>
<trkpt lat="31.2052084880274" lon="121.6419610114243"><ele>5.6</ele><time>2026-06-06T23:39:42.000Z</time></trkpt>
<trkpt lat="31.20518651031871" lon="121.6419540249283"><ele>5.6</ele><time>2026-06-06T23:39:43.000Z</time></trkpt>
<trkpt lat="31.20516453095329" lon="121.6419480367633"><ele>5.6</ele><time>2026-06-06T23:39:44.000Z</time></trkpt>
<trkpt lat="31.20514355110129" lon="121.6419420485145"><ele>5.6</ele><time>2026-06-06T23:39:45.000Z</time></trkpt>
<trkpt lat="31.20512056725363" lon="121.6419390554279"><ele>5.6</ele><time>2026-06-06T23:39:46.000Z</time></trkpt>
<trkpt lat="31.20509758340623" lon="121.6419360623412"><ele>5.6</ele><time>2026-06-06T23:39:47.000Z</time></trkpt>
<trkpt lat="31.20507559576099" lon="121.641935065836"><ele>5.6</ele><time>2026-06-06T23:39:48.000Z</time></trkpt>
<trkpt lat="31.20505260529065" lon="121.6419360660786"><ele>5.6</ele><time>2026-06-06T23:39:49.000Z</time></trkpt>
<trkpt lat="31.2050286153071" lon="121.6419370664042"><ele>5.6</ele><time>2026-06-06T23:39:50.000Z</time></trkpt>
<trkpt lat="31.20500662103926" lon="121.6419400632284"><ele>5.6</ele><time>2026-06-06T23:39:51.000Z</time></trkpt>
<trkpt lat="31.20498262774445" lon="121.6419430602184"><ele>5.6</ele><time>2026-06-06T23:39:52.000Z</time></trkpt>
<trkpt lat="31.20495963230738" lon="121.6419470554573"><ele>5.6</ele><time>2026-06-06T23:39:53.000Z</time></trkpt>
<trkpt lat="31.20493563570063" lon="121.6419520491109"><ele>5.6</ele><time>2026-06-06T23:39:54.000Z</time></trkpt>
<trkpt lat="31.20491163909387" lon="121.641957042764"><ele>5.4</ele><time>2026-06-06T23:39:55.000Z</time></trkpt>
<trkpt lat="31.20488864034415" lon="121.6419630346653"><ele>5.4</ele><time>2026-06-06T23:39:56.000Z</time></trkpt>
<trkpt lat="31.20486464042407" lon="121.6419700249804"><ele>5.4</ele><time>2026-06-06T23:39:57.000Z</time></trkpt>
<trkpt lat="31.20484164167371" lon="121.6419760168799"><ele>5.4</ele><time>2026-06-06T23:39:58.000Z</time></trkpt>
<trkpt lat="31.20481964077969" lon="121.641983007027"><ele>5.4</ele><time>2026-06-06T23:39:59.000Z</time></trkpt>
<trkpt lat="31.20479664037166" lon="121.6419899972559"><ele>5.4</ele><time>2026-06-06T23:40:00.000Z</time></trkpt>
<trkpt lat="31.2047756373328" lon="121.6419979856487"><ele>5.4</ele><time>2026-06-06T23:40:01.000Z</time></trkpt>
<trkpt lat="31.20475463429304" lon="121.6420059740401"><ele>5.4</ele><time>2026-06-06T23:40:02.000Z</time></trkpt>
<trkpt lat="31.20473563027917" lon="121.642013962264"><ele>5.4</ele><time>2026-06-06T23:40:03.000Z</time></trkpt>
<trkpt lat="31.20471662626434" lon="121.6420219504865"><ele>5.4</ele><time>2026-06-06T23:40:04.000Z</time></trkpt>
<trkpt lat="31.20469862341968" lon="121.6420289402941"><ele>5.4</ele><time>2026-06-06T23:40:05.000Z</time></trkpt>
<trkpt lat="31.20468162008769" lon="121.6420359300177"><ele>5.4</ele><time>2026-06-06T23:40:06.000Z</time></trkpt>
<trkpt lat="31.204664618413" lon="121.6420419214102"><ele>5.4</ele><time>2026-06-06T23:40:07.000Z</time></trkpt>
<trkpt lat="31.20464661556635" lon="121.6420489112147"><ele>5.4</ele><time>2026-06-06T23:40:08.000Z</time></trkpt>
<trkpt lat="31.20462761486401" lon="121.6420549027716"><ele>5.4</ele><time>2026-06-06T23:40:09.000Z</time></trkpt>
<trkpt lat="31.20460961533293" lon="121.642059895915"><ele>5.4</ele><time>2026-06-06T23:40:10.000Z</time></trkpt>
<trkpt lat="31.20458961843357" lon="121.6420638908944"><ele>5.4</ele><time>2026-06-06T23:40:11.000Z</time></trkpt>
<trkpt lat="31.20457062104748" lon="121.6420678857904"><ele>5.4</ele><time>2026-06-06T23:40:12.000Z</time></trkpt>
<trkpt lat="31.2045496262935" lon="121.6420708825228"><ele>5.4</ele><time>2026-06-06T23:40:13.000Z</time></trkpt>
<trkpt lat="31.20452963437023" lon="121.6420718825133"><ele>5.4</ele><time>2026-06-06T23:40:14.000Z</time></trkpt>
<trkpt lat="31.20450864459271" lon="121.6420718842574"><ele>5.5</ele><time>2026-06-06T23:40:15.000Z</time></trkpt>
<trkpt lat="31.20448765647416" lon="121.6420708876722"><ele>5.5</ele><time>2026-06-06T23:40:16.000Z</time></trkpt>
<trkpt lat="31.20446767284481" lon="121.6420668960156"><ele>5.5</ele><time>2026-06-06T23:40:17.000Z</time></trkpt>
<trkpt lat="31.20444769419072" lon="121.6420599093698"><ele>5.5</ele><time>2026-06-06T23:40:18.000Z</time></trkpt>
<trkpt lat="31.20442871836561" lon="121.6420509259803"><ele>5.5</ele><time>2026-06-06T23:40:19.000Z</time></trkpt>
<trkpt lat="31.20441174488146" lon="121.6420399457628"><ele>5.5</ele><time>2026-06-06T23:40:20.000Z</time></trkpt>
<trkpt lat="31.20439477471067" lon="121.6420269688819"><ele>5.5</ele><time>2026-06-06T23:40:21.000Z</time></trkpt>
<trkpt lat="31.20437880736479" lon="121.6420119952529"><ele>5.5</ele><time>2026-06-06T23:40:22.000Z</time></trkpt>
<trkpt lat="31.20436284001467" lon="121.6419970216189"><ele>5.5</ele><time>2026-06-06T23:40:23.000Z</time></trkpt>
<trkpt lat="31.20434887500009" lon="121.641980051151"><ele>5.5</ele><time>2026-06-06T23:40:24.000Z</time></trkpt>
<trkpt lat="31.2043349116364" lon="121.6419620823449"><ele>6.6</ele><time>2026-06-06T23:40:25.000Z</time></trkpt>
<trkpt lat="31.20432094661034" lon="121.6419451118638"><ele>6.6</ele><time>2026-06-06T23:40:26.000Z</time></trkpt>
<trkpt lat="31.20430698323446" lon="121.6419271430437"><ele>6.6</ele><time>2026-06-06T23:40:27.000Z</time></trkpt>
<trkpt lat="31.20429401770993" lon="121.6419101724663"><ele>6.6</ele><time>2026-06-06T23:40:28.000Z</time></trkpt>
<trkpt lat="31.20428105383487" lon="121.6418922035491"><ele>6.6</ele><time>2026-06-06T23:40:29.000Z</time></trkpt>
<trkpt lat="31.20426709209517" lon="121.6418732363739"><ele>6.6</ele><time>2026-06-06T23:40:30.000Z</time></trkpt>
<trkpt lat="31.20425413317" lon="121.6418522724392"><ele>6.6</ele><time>2026-06-06T23:40:31.000Z</time></trkpt>
<trkpt lat="31.2042421770568" lon="121.6418293117422"><ele>6.6</ele><time>2026-06-06T23:40:32.000Z</time></trkpt>
<trkpt lat="31.20423122209948" lon="121.6418053526149"><ele>6.6</ele><time>2026-06-06T23:40:33.000Z</time></trkpt>
<trkpt lat="31.20422026713076" lon="121.6417813934748"><ele>6.6</ele><time>2026-06-06T23:40:34.000Z</time></trkpt>
<trkpt lat="31.20421031496828" lon="121.641755437566"><ele>7.6</ele><time>2026-06-06T23:40:35.000Z</time></trkpt>
<trkpt lat="31.20420035948871" lon="121.641731478316"><ele>7.6</ele><time>2026-06-06T23:40:36.000Z</time></trkpt>
<trkpt lat="31.20418940613611" lon="121.6417065207986"><ele>7.6</ele><time>2026-06-06T23:40:37.000Z</time></trkpt>
<trkpt lat="31.20417845277108" lon="121.6416815632672"><ele>7.6</ele><time>2026-06-06T23:40:38.000Z</time></trkpt>
<trkpt lat="31.20416749939363" lon="121.6416566057217"><ele>7.6</ele><time>2026-06-06T23:40:39.000Z</time></trkpt>
<trkpt lat="31.20415554649081" lon="121.6416316482453"><ele>7.6</ele><time>2026-06-06T23:40:40.000Z</time></trkpt>
<trkpt lat="31.20414259406265" lon="121.6416066908378"><ele>7.6</ele><time>2026-06-06T23:40:41.000Z</time></trkpt>
<trkpt lat="31.20412864046034" lon="121.6415827318396"><ele>7.6</ele><time>2026-06-06T23:40:42.000Z</time></trkpt>
<trkpt lat="31.20411368733372" lon="121.6415587729115"><ele>7.6</ele><time>2026-06-06T23:40:43.000Z</time></trkpt>
<trkpt lat="31.20409773303492" lon="121.6415358123948"><ele>7.6</ele><time>2026-06-06T23:40:44.000Z</time></trkpt>
<trkpt lat="31.20408277659107" lon="121.6415138501249"><ele>6.6</ele><time>2026-06-06T23:40:45.000Z</time></trkpt>
<trkpt lat="31.20406681897778" lon="121.6414928862695"><ele>6.6</ele><time>2026-06-06T23:40:46.000Z</time></trkpt>
<trkpt lat="31.20404986019635" lon="121.64147292083"><ele>6.6</ele><time>2026-06-06T23:40:47.000Z</time></trkpt>
<trkpt lat="31.20403289976084" lon="121.6414539537246"><ele>6.6</ele><time>2026-06-06T23:40:48.000Z</time></trkpt>
<trkpt lat="31.2040149365137" lon="121.6414369833814"><ele>6.6</ele><time>2026-06-06T23:40:49.000Z</time></trkpt>
<trkpt lat="31.20399597210264" lon="121.6414210114586"><ele>6.6</ele><time>2026-06-06T23:40:50.000Z</time></trkpt>
<trkpt lat="31.20397700275083" lon="121.6414080345629"><ele>6.6</ele><time>2026-06-06T23:40:51.000Z</time></trkpt>
<trkpt lat="31.20395803010574" lon="121.6413970543524"><ele>6.6</ele><time>2026-06-06T23:40:52.000Z</time></trkpt>
<trkpt lat="31.20393805794578" lon="121.6413860742222"><ele>6.6</ele><time>2026-06-06T23:40:53.000Z</time></trkpt>
<trkpt lat="31.20391808249435" lon="121.6413770907793"><ele>6.6</ele><time>2026-06-06T23:40:54.000Z</time></trkpt>
<trkpt lat="31.20389710423986" lon="121.6413701041078"><ele>5.8</ele><time>2026-06-06T23:40:55.000Z</time></trkpt>
<trkpt lat="31.20387512318321" lon="121.6413651142088"><ele>5.8</ele><time>2026-06-06T23:40:56.000Z</time></trkpt>
<trkpt lat="31.20385213932507" lon="121.6413621210828"><ele>5.8</ele><time>2026-06-06T23:40:57.000Z</time></trkpt>
<trkpt lat="31.20382815266586" lon="121.6413611247305"><ele>5.8</ele><time>2026-06-06T23:40:58.000Z</time></trkpt>
<trkpt lat="31.20380516223099" lon="121.6413621249857"><ele>5.8</ele><time>2026-06-06T23:40:59.000Z</time></trkpt>
<trkpt lat="31.20378117063953" lon="121.6413641236692"><ele>5.8</ele><time>2026-06-06T23:41:00.000Z</time></trkpt>
<trkpt lat="31.20375618118034" lon="121.6413651240905"><ele>5.8</ele><time>2026-06-06T23:41:01.000Z</time></trkpt>
<trkpt lat="31.20373218958973" lon="121.6413671227738"><ele>5.8</ele><time>2026-06-06T23:41:02.000Z</time></trkpt>
<trkpt lat="31.20370819635498" lon="121.6413701198023"><ele>5.8</ele><time>2026-06-06T23:41:03.000Z</time></trkpt>
<trkpt lat="31.20368320196339" lon="121.6413741152586"><ele>5.8</ele><time>2026-06-06T23:41:04.000Z</time></trkpt>
<trkpt lat="31.20365920708449" lon="121.6413781106315"><ele>5.6</ele><time>2026-06-06T23:41:05.000Z</time></trkpt>
<trkpt lat="31.20363521056094" lon="121.6413831043489"><ele>5.6</ele><time>2026-06-06T23:41:06.000Z</time></trkpt>
<trkpt lat="31.20361121239245" lon="121.6413890964105"><ele>5.6</ele><time>2026-06-06T23:41:07.000Z</time></trkpt>
<trkpt lat="31.20358821209108" lon="121.6413960867327"><ele>5.6</ele><time>2026-06-06T23:41:08.000Z</time></trkpt>
<trkpt lat="31.20356421392194" lon="121.6414020787925"><ele>5.6</ele><time>2026-06-06T23:41:09.000Z</time></trkpt>
<trkpt lat="31.20354021575255" lon="121.6414080708515"><ele>5.6</ele><time>2026-06-06T23:41:10.000Z</time></trkpt>
<trkpt lat="31.20351621922834" lon="121.6414130645655"><ele>5.6</ele><time>2026-06-06T23:41:11.000Z</time></trkpt>
<trkpt lat="31.2034922227041" lon="121.641418058279"><ele>5.6</ele><time>2026-06-06T23:41:12.000Z</time></trkpt>
<trkpt lat="31.20346822617984" lon="121.6414230519919"><ele>5.6</ele><time>2026-06-06T23:41:13.000Z</time></trkpt>
<trkpt lat="31.20344522752213" lon="121.6414290439649"><ele>5.6</ele><time>2026-06-06T23:41:14.000Z</time></trkpt>
<trkpt lat="31.20342222557237" lon="121.6414370326245"><ele>5.1</ele><time>2026-06-06T23:41:15.000Z</time></trkpt>
<trkpt lat="31.20340022313404" lon="121.6414450211996"><ele>5.1</ele><time>2026-06-06T23:41:16.000Z</time></trkpt>
<trkpt lat="31.20337821904857" lon="121.6414540081164"><ele>5.1</ele><time>2026-06-06T23:41:17.000Z</time></trkpt>
<trkpt lat="31.20335821233993" lon="121.6414639932084"><ele>5.1</ele><time>2026-06-06T23:41:18.000Z</time></trkpt>
<trkpt lat="31.2033372044707" lon="121.641474976724"><ele>5.1</ele><time>2026-06-06T23:41:19.000Z</time></trkpt>
<trkpt lat="31.20331619495249" lon="121.6414869585793"><ele>5.1</ele><time>2026-06-06T23:41:20.000Z</time></trkpt>
<trkpt lat="31.20329518543173" lon="121.6414989404313"><ele>5.1</ele><time>2026-06-06T23:41:21.000Z</time></trkpt>
<trkpt lat="31.20327417590844" lon="121.6415109222801"><ele>5.1</ele><time>2026-06-06T23:41:22.000Z</time></trkpt>
<trkpt lat="31.20325316473495" lon="121.6415239024673"><ele>5.1</ele><time>2026-06-06T23:41:23.000Z</time></trkpt>
<trkpt lat="31.20323315307057" lon="121.6415368825677"><ele>5.1</ele><time>2026-06-06T23:41:24.000Z</time></trkpt>
<trkpt lat="31.20321314140311" lon="121.6415498626643"><ele>5.6</ele><time>2026-06-06T23:41:25.000Z</time></trkpt>
<trkpt lat="31.20319312973258" lon="121.6415628427571"><ele>5.6</ele><time>2026-06-06T23:41:26.000Z</time></trkpt>
<trkpt lat="31.20317411592235" lon="121.6415768211034"><ele>5.6</ele><time>2026-06-06T23:41:27.000Z</time></trkpt>
<trkpt lat="31.20315410589438" lon="121.6415888028481"><ele>5.6</ele><time>2026-06-06T23:41:28.000Z</time></trkpt>
<trkpt lat="31.20313509537591" lon="121.6416007845066"><ele>5.6</ele><time>2026-06-06T23:41:29.000Z</time></trkpt>
<trkpt lat="31.20311508369333" lon="121.6416137645844"><ele>5.6</ele><time>2026-06-06T23:41:30.000Z</time></trkpt>
<trkpt lat="31.20309607151972" lon="121.6416267445755"><ele>5.6</ele><time>2026-06-06T23:41:31.000Z</time></trkpt>
<trkpt lat="31.20307706099299" lon="121.6416387262236"><ele>5.6</ele><time>2026-06-06T23:41:32.000Z</time></trkpt>
<trkpt lat="31.2030570476512" lon="121.6416527046292"><ele>5.6</ele><time>2026-06-06T23:41:33.000Z</time></trkpt>
<trkpt lat="31.20303803546832" lon="121.6416656846089"><ele>5.6</ele><time>2026-06-06T23:41:34.000Z</time></trkpt>
<trkpt lat="31.20301902163155" lon="121.6416796629229"><ele>6.1</ele><time>2026-06-06T23:41:35.000Z</time></trkpt>
<trkpt lat="31.20299900827921" lon="121.6416936413156"><ele>6.1</ele><time>2026-06-06T23:41:36.000Z</time></trkpt>
<trkpt lat="31.20297999278383" lon="121.6417086179583"><ele>6.1</ele><time>2026-06-06T23:41:37.000Z</time></trkpt>
<trkpt lat="31.20296097728425" lon="121.641723594596"><ele>6.1</ele><time>2026-06-06T23:41:38.000Z</time></trkpt>
<trkpt lat="31.20294295964037" lon="121.6417395694825"><ele>6.1</ele><time>2026-06-06T23:41:39.000Z</time></trkpt>
<trkpt lat="31.20292494199163" lon="121.6417555443632"><ele>6.1</ele><time>2026-06-06T23:41:40.000Z</time></trkpt>
<trkpt lat="31.20290692103273" lon="121.6417735159104"><ele>6.1</ele><time>2026-06-06T23:41:41.000Z</time></trkpt>
<trkpt lat="31.20288989957947" lon="121.6417914873672"><ele>6.1</ele><time>2026-06-06T23:41:42.000Z</time></trkpt>
<trkpt lat="31.20287387597843" lon="121.641810457069"><ele>6.1</ele><time>2026-06-06T23:41:43.000Z</time></trkpt>
<trkpt lat="31.20285984808642" lon="121.6418314232662"><ele>6.1</ele><time>2026-06-06T23:41:44.000Z</time></trkpt>
<trkpt lat="31.20284781920942" lon="121.6418523892875"><ele>5.3</ele><time>2026-06-06T23:41:45.000Z</time></trkpt>
<trkpt lat="31.20283878720453" lon="121.6418743533836"><ele>5.3</ele><time>2026-06-06T23:41:46.000Z</time></trkpt>
<trkpt lat="31.20283175255854" lon="121.6418973156361"><ele>5.3</ele><time>2026-06-06T23:41:47.000Z</time></trkpt>
<trkpt lat="31.20282671527006" lon="121.6419212760436"><ele>5.3</ele><time>2026-06-06T23:41:48.000Z</time></trkpt>
<trkpt lat="31.20282367699377" lon="121.6419452362721"><ele>5.3</ele><time>2026-06-06T23:41:49.000Z</time></trkpt>
<trkpt lat="31.20281863968243" lon="121.6419691966539"><ele>5.3</ele><time>2026-06-06T23:41:50.000Z</time></trkpt>
<trkpt lat="31.20281360235968" lon="121.6419931570229"><ele>5.3</ele><time>2026-06-06T23:41:51.000Z</time></trkpt>
<trkpt lat="31.20280756717127" lon="121.6420161191316"><ele>5.3</ele><time>2026-06-06T23:41:52.000Z</time></trkpt>
<trkpt lat="31.20280252982622" lon="121.6420400794757"><ele>5.3</ele><time>2026-06-06T23:41:53.000Z</time></trkpt>
<trkpt lat="31.20279649461645" lon="121.6420630415604"><ele>5.3</ele><time>2026-06-06T23:41:54.000Z</time></trkpt>
<trkpt lat="31.20279345627269" lon="121.6420870017134"><ele>5.3</ele><time>2026-06-06T23:41:55.000Z</time></trkpt>
<trkpt lat="31.2027924186005" lon="121.642109963359"><ele>5.3</ele><time>2026-06-06T23:41:56.000Z</time></trkpt>
<trkpt lat="31.2027923787698" lon="121.642133923238"><ele>5.3</ele><time>2026-06-06T23:41:57.000Z</time></trkpt>
<trkpt lat="31.2027943379513" lon="121.6421578829381"><ele>5.3</ele><time>2026-06-06T23:41:58.000Z</time></trkpt>
<trkpt lat="31.20279729497244" lon="121.6421828408694"><ele>5.3</ele><time>2026-06-06T23:41:59.000Z</time></trkpt>
<trkpt lat="31.20280125315436" lon="121.6422068003775"><ele>5.3</ele><time>2026-06-06T23:42:00.000Z</time></trkpt>
<trkpt lat="31.20280820819857" lon="121.6422317579497"><ele>5.3</ele><time>2026-06-06T23:42:01.000Z</time></trkpt>
<trkpt lat="31.20281716557864" lon="121.6422547186913"><ele>5.3</ele><time>2026-06-06T23:42:02.000Z</time></trkpt>
<trkpt lat="31.2028271207975" lon="121.6422786776631"><ele>5.3</ele><time>2026-06-06T23:42:03.000Z</time></trkpt>
<trkpt lat="31.20283807551697" lon="121.6423026365391"><ele>5.3</ele><time>2026-06-06T23:42:04.000Z</time></trkpt>
<trkpt lat="31.20284903022525" lon="121.6423265954026"><ele>5.9</ele><time>2026-06-06T23:42:05.000Z</time></trkpt>
<trkpt lat="31.20286098609828" lon="121.6423495558471"><ele>5.9</ele><time>2026-06-06T23:42:06.000Z</time></trkpt>
<trkpt lat="31.20287294029653" lon="121.6423735146028"><ele>5.9</ele><time>2026-06-06T23:42:07.000Z</time></trkpt>
<trkpt lat="31.20288489614866" lon="121.6423964750237"><ele>5.9</ele><time>2026-06-06T23:42:08.000Z</time></trkpt>
<trkpt lat="31.2028988543452" lon="121.6424174386233"><ele>5.9</ele><time>2026-06-06T23:42:09.000Z</time></trkpt>
<trkpt lat="31.20291481155705" lon="121.6424384020472"><ele>5.9</ele><time>2026-06-06T23:42:10.000Z</time></trkpt>
<trkpt lat="31.20293177327104" lon="121.6424563704157"><ele>5.9</ele><time>2026-06-06T23:42:11.000Z</time></trkpt>
<trkpt lat="31.20294873664548" lon="121.6424733404565"><ele>5.9</ele><time>2026-06-06T23:42:12.000Z</time></trkpt>
<trkpt lat="31.20296770237203" lon="121.6424883136845"><ele>5.9</ele><time>2026-06-06T23:42:13.000Z</time></trkpt>
<trkpt lat="31.20298566858256" lon="121.6425032869907"><ele>5.9</ele><time>2026-06-06T23:42:14.000Z</time></trkpt>
<trkpt lat="31.20300263527702" lon="121.642518260375"><ele>6</ele><time>2026-06-06T23:42:15.000Z</time></trkpt>
<trkpt lat="31.20301760294342" lon="121.6425332339205"><ele>6</ele><time>2026-06-06T23:42:16.000Z</time></trkpt>
<trkpt lat="31.20302956873371" lon="121.6425502043481"><ele>6</ele><time>2026-06-06T23:42:17.000Z</time></trkpt>
<trkpt lat="31.20303953215781" lon="121.6425691715726"><ele>6</ele><time>2026-06-06T23:42:18.000Z</time></trkpt>
<trkpt lat="31.20304749321347" lon="121.6425901355915"><ele>6</ele><time>2026-06-06T23:42:19.000Z</time></trkpt>
<trkpt lat="31.20305545426063" lon="121.6426110996007"><ele>6</ele><time>2026-06-06T23:42:20.000Z</time></trkpt>
<trkpt lat="31.20306341196006" lon="121.6426340602347"><ele>6</ele><time>2026-06-06T23:42:21.000Z</time></trkpt>
<trkpt lat="31.2030713696493" lon="121.6426570208571"><ele>6</ele><time>2026-06-06T23:42:22.000Z</time></trkpt>
<trkpt lat="31.20308032684039" lon="121.6426799813851"><ele>6</ele><time>2026-06-06T23:42:23.000Z</time></trkpt>
<trkpt lat="31.20308928067932" lon="121.6427049385328"><ele>6</ele><time>2026-06-06T23:42:24.000Z</time></trkpt>
<trkpt lat="31.20309823617775" lon="121.6427288973519"><ele>5.3</ele><time>2026-06-06T23:42:25.000Z</time></trkpt>
<trkpt lat="31.20310419145707" lon="121.6427538547224"><ele>5.3</ele><time>2026-06-06T23:42:26.000Z</time></trkpt>
<trkpt lat="31.20311014505191" lon="121.6427798103932"><ele>5.3</ele><time>2026-06-06T23:42:27.000Z</time></trkpt>
<trkpt lat="31.20311509912173" lon="121.6428057661326"><ele>5.3</ele><time>2026-06-06T23:42:28.000Z</time></trkpt>
<trkpt lat="31.203118052481" lon="121.6428327203364"><ele>5.3</ele><time>2026-06-06T23:42:29.000Z</time></trkpt>
<trkpt lat="31.20312100582627" lon="121.6428596745246"><ele>5.3</ele><time>2026-06-06T23:42:30.000Z</time></trkpt>
<trkpt lat="31.20312195845892" lon="121.6428876271748"><ele>5.3</ele><time>2026-06-06T23:42:31.000Z</time></trkpt>
<trkpt lat="31.20312191156448" lon="121.6429155798914"><ele>5.3</ele><time>2026-06-06T23:42:32.000Z</time></trkpt>
<trkpt lat="31.20311886611888" lon="121.6429435328403"><ele>5.3</ele><time>2026-06-06T23:42:33.000Z</time></trkpt>
<trkpt lat="31.20311382163418" lon="121.6429714859387"><ele>5.3</ele><time>2026-06-06T23:42:34.000Z</time></trkpt>
<trkpt lat="31.20310677811044" lon="121.6429994391864"><ele>4.3</ele><time>2026-06-06T23:42:35.000Z</time></trkpt>
<trkpt lat="31.20309773890209" lon="121.6430253959663"><ele>4.3</ele><time>2026-06-06T23:42:36.000Z</time></trkpt>
<trkpt lat="31.20308670065685" lon="121.643051352898"><ele>4.3</ele><time>2026-06-06T23:42:37.000Z</time></trkpt>
<trkpt lat="31.20307466792123" lon="121.6430743149756"><ele>4.3</ele><time>2026-06-06T23:42:38.000Z</time></trkpt>
<trkpt lat="31.20306063615165" lon="121.6430972772081"><ele>4.3</ele><time>2026-06-06T23:42:39.000Z</time></trkpt>
<trkpt lat="31.20304361087305" lon="121.6431172447585"><ele>4.3</ele><time>2026-06-06T23:42:40.000Z</time></trkpt>
<trkpt lat="31.20302559279218" lon="121.6431332191583"><ele>4.3</ele><time>2026-06-06T23:42:41.000Z</time></trkpt>
<trkpt lat="31.20300557736232" lon="121.6431481954128"><ele>4.3</ele><time>2026-06-06T23:42:42.000Z</time></trkpt>
<trkpt lat="31.2029835662642" lon="121.6431611752171"><ele>4.3</ele><time>2026-06-06T23:42:43.000Z</time></trkpt>
<trkpt lat="31.20296155852324" lon="121.6431721584069"><ele>4.3</ele><time>2026-06-06T23:42:44.000Z</time></trkpt>
<trkpt lat="31.20293855294866" lon="121.6431821433718"><ele>4</ele><time>2026-06-06T23:42:45.000Z</time></trkpt>
<trkpt lat="31.20291554569225" lon="121.6431931266398"><ele>4</ele><time>2026-06-06T23:42:46.000Z</time></trkpt>
<trkpt lat="31.20289254011456" lon="121.6432031116003"><ele>4</ele><time>2026-06-06T23:42:47.000Z</time></trkpt>
<trkpt lat="31.20286953285467" lon="121.6432140948634"><ele>4</ele><time>2026-06-06T23:42:48.000Z</time></trkpt>
<trkpt lat="31.20284552776205" lon="121.6432240799025"><ele>4</ele><time>2026-06-06T23:42:49.000Z</time></trkpt>
<trkpt lat="31.20282152603027" lon="121.6432320683311"><ele>4</ele><time>2026-06-06T23:42:50.000Z</time></trkpt>
<trkpt lat="31.20279852212827" lon="121.6432410549793"><ele>4</ele><time>2026-06-06T23:42:51.000Z</time></trkpt>
<trkpt lat="31.20277551822518" lon="121.6432500416259"><ele>4</ele><time>2026-06-06T23:42:52.000Z</time></trkpt>
<trkpt lat="31.20275351383275" lon="121.6432590281876"><ele>4</ele><time>2026-06-06T23:42:53.000Z</time></trkpt>
<trkpt lat="31.20273250390548" lon="121.6432710095751"><ele>4</ele><time>2026-06-06T23:42:54.000Z</time></trkpt>
<trkpt lat="31.20271149061168" lon="121.6432849875658"><ele>3.9</ele><time>2026-06-06T23:42:55.000Z</time></trkpt>
<trkpt lat="31.20269047563217" lon="121.6432999638553"><ele>3.9</ele><time>2026-06-06T23:42:56.000Z</time></trkpt>
<trkpt lat="31.20267045679509" lon="121.643316936662"><ele>3.9</ele><time>2026-06-06T23:42:57.000Z</time></trkpt>
<trkpt lat="31.20265143746455" lon="121.6433339093795"><ele>3.9</ele><time>2026-06-06T23:42:58.000Z</time></trkpt>
<trkpt lat="31.20263241476212" lon="121.6433528786944"><ele>3.9</ele><time>2026-06-06T23:42:59.000Z</time></trkpt>
<trkpt lat="31.20261538770893" lon="121.6433738444383"><ele>3.9</ele><time>2026-06-06T23:43:00.000Z</time></trkpt>
<trkpt lat="31.20259936015932" lon="121.6433948100898"><ele>3.9</ele><time>2026-06-06T23:43:01.000Z</time></trkpt>
<trkpt lat="31.20258432874404" lon="121.6434177722498"><ele>3.9</ele><time>2026-06-06T23:43:02.000Z</time></trkpt>
<trkpt lat="31.20257029514557" lon="121.6434417326155"><ele>3.9</ele><time>2026-06-06T23:43:03.000Z</time></trkpt>
<trkpt lat="31.20255726273354" lon="121.6434646945867"><ele>3.9</ele><time>2026-06-06T23:43:04.000Z</time></trkpt>
<trkpt lat="31.20254322911422" lon="121.6434886549288"><ele>3.6</ele><time>2026-06-06T23:43:05.000Z</time></trkpt>
<trkpt lat="31.202531192821" lon="121.6435136133911"><ele>3.6</ele><time>2026-06-06T23:43:06.000Z</time></trkpt>
<trkpt lat="31.20251915651622" lon="121.6435385718403"><ele>3.6</ele><time>2026-06-06T23:43:07.000Z</time></trkpt>
<trkpt lat="31.2025091175356" lon="121.6435645284077"><ele>3.6</ele><time>2026-06-06T23:43:08.000Z</time></trkpt>
<trkpt lat="31.20250007805399" lon="121.6435904848779"><ele>3.6</ele><time>2026-06-06T23:43:09.000Z</time></trkpt>
<trkpt lat="31.20249103687149" lon="121.6436174396302"><ele>3.6</ele><time>2026-06-06T23:43:10.000Z</time></trkpt>
<trkpt lat="31.20248399300966" lon="121.6436453924968"><ele>3.6</ele><time>2026-06-06T23:43:11.000Z</time></trkpt>
<trkpt lat="31.20247794864479" lon="121.6436733452641"><ele>3.6</ele><time>2026-06-06T23:43:12.000Z</time></trkpt>
<trkpt lat="31.20247090475387" lon="121.6437012980982"><ele>3.6</ele><time>2026-06-06T23:43:13.000Z</time></trkpt>
<trkpt lat="31.20246486035994" lon="121.643729250833"><ele>3.6</ele><time>2026-06-06T23:43:14.000Z</time></trkpt>
<trkpt lat="31.20245981546299" lon="121.6437572034685"><ele>3.9</ele><time>2026-06-06T23:43:15.000Z</time></trkpt>
<trkpt lat="31.20245377104004" lon="121.6437851561709"><ele>3.9</ele><time>2026-06-06T23:43:16.000Z</time></trkpt>
<trkpt lat="31.20244672878309" lon="121.643812110648"><ele>3.9</ele><time>2026-06-06T23:43:17.000Z</time></trkpt>
<trkpt lat="31.2024416838432" lon="121.6438400632355"><ele>3.9</ele><time>2026-06-06T23:43:18.000Z</time></trkpt>
<trkpt lat="31.20243863791182" lon="121.6438680156407"><ele>3.9</ele><time>2026-06-06T23:43:19.000Z</time></trkpt>
<trkpt lat="31.20243659147748" lon="121.6438959679467"><ele>3.9</ele><time>2026-06-06T23:43:20.000Z</time></trkpt>
<trkpt lat="31.20243554454018" lon="121.6439239201535"><ele>3.9</ele><time>2026-06-06T23:43:21.000Z</time></trkpt>
<trkpt lat="31.20243849393983" lon="121.6439528703011"><ele>3.9</ele><time>2026-06-06T23:43:22.000Z</time></trkpt>
<trkpt lat="31.20244144501912" lon="121.6439808221429"><ele>3.9</ele><time>2026-06-06T23:43:23.000Z</time></trkpt>
<trkpt lat="31.20244639510701" lon="121.6440087738023"><ele>3.9</ele><time>2026-06-06T23:43:24.000Z</time></trkpt>
<trkpt lat="31.20245334420354" lon="121.6440367252796"><ele>4</ele><time>2026-06-06T23:43:25.000Z</time></trkpt>
<trkpt lat="31.20246229570196" lon="121.6440626800007"><ele>4</ele><time>2026-06-06T23:43:26.000Z</time></trkpt>
<trkpt lat="31.20247324790817" lon="121.6440876362553"><ele>4</ele><time>2026-06-06T23:43:27.000Z</time></trkpt>
<trkpt lat="31.20248519961458" lon="121.6441125924142"><ele>4</ele><time>2026-06-06T23:43:28.000Z</time></trkpt>
<trkpt lat="31.20250015324018" lon="121.64413555174"><ele>4</ele><time>2026-06-06T23:43:29.000Z</time></trkpt>
<trkpt lat="31.20251710757776" lon="121.6441575126038"><ele>4</ele><time>2026-06-06T23:43:30.000Z</time></trkpt>
<trkpt lat="31.20253406360546" lon="121.6441784751731"><ele>4</ele><time>2026-06-06T23:43:31.000Z</time></trkpt>
<trkpt lat="31.20255202423414" lon="121.6441964427976"><ele>4</ele><time>2026-06-06T23:43:32.000Z</time></trkpt>
<trkpt lat="31.20257098946679" lon="121.6442114154807"><ele>4</ele><time>2026-06-06T23:43:33.000Z</time></trkpt>
<trkpt lat="31.20258995639521" lon="121.6442253898755"><ele>4</ele><time>2026-06-06T23:43:34.000Z</time></trkpt>
<trkpt lat="31.20260892841974" lon="121.6442363694161"><ele>4.7</ele><time>2026-06-06T23:43:35.000Z</time></trkpt>
<trkpt lat="31.2026289033539" lon="121.6442453523046"><ele>4.7</ele><time>2026-06-06T23:43:36.000Z</time></trkpt>
<trkpt lat="31.20264887828693" lon="121.6442543351914"><ele>4.7</ele><time>2026-06-06T23:43:37.000Z</time></trkpt>
<trkpt lat="31.20266985103022" lon="121.6442643162764"><ele>4.7</ele><time>2026-06-06T23:43:38.000Z</time></trkpt>
<trkpt lat="31.20268982255991" lon="121.6442752957252"><ele>4.7</ele><time>2026-06-06T23:43:39.000Z</time></trkpt>
<trkpt lat="31.20270878947393" lon="121.6442892701018"><ele>4.7</ele><time>2026-06-06T23:43:40.000Z</time></trkpt>
<trkpt lat="31.20272675347097" lon="121.6443052411217"><ele>4.7</ele><time>2026-06-06T23:43:41.000Z</time></trkpt>
<trkpt lat="31.20274471235965" lon="121.6443242069815"><ele>4.7</ele><time>2026-06-06T23:43:42.000Z</time></trkpt>
<trkpt lat="31.20275866979158" lon="121.6443451697289"><ele>4.7</ele><time>2026-06-06T23:43:43.000Z</time></trkpt>
<trkpt lat="31.20277162600181" lon="121.6443671308314"><ele>4.7</ele><time>2026-06-06T23:43:44.000Z</time></trkpt>
<trkpt lat="31.20278158196556" lon="121.6443900904537"><ele>4.7</ele><time>2026-06-06T23:43:45.000Z</time></trkpt>
<trkpt lat="31.20279053670508" lon="121.6444140484283"><ele>5.9</ele><time>2026-06-06T23:43:46.000Z</time></trkpt>
<trkpt lat="31.20279649460232" lon="121.6444370083612"><ele>5.9</ele><time>2026-06-06T23:43:47.000Z</time></trkpt>
<trkpt lat="31.20280345200185" lon="121.6444599682004"><ele>5.9</ele><time>2026-06-06T23:43:48.000Z</time></trkpt>
<trkpt lat="31.20281040939189" lon="121.644482928029"><ele>5.9</ele><time>2026-06-06T23:43:49.000Z</time></trkpt>
<trkpt lat="31.20281836798889" lon="121.6445048894858"><ele>5.9</ele><time>2026-06-06T23:43:50.000Z</time></trkpt>
<trkpt lat="31.20282632487221" lon="121.6445278492105"><ele>5.9</ele><time>2026-06-06T23:43:51.000Z</time></trkpt>
<trkpt lat="31.2028352812579" lon="121.6445508088416"><ele>5.9</ele><time>2026-06-06T23:43:52.000Z</time></trkpt>
<trkpt lat="31.20284323471058" lon="121.6445757650984"><ele>5.9</ele><time>2026-06-06T23:43:53.000Z</time></trkpt>
<trkpt lat="31.20285019034662" lon="121.6445997231496"><ele>5.9</ele><time>2026-06-06T23:43:54.000Z</time></trkpt>
<trkpt lat="31.20285914328928" lon="121.6446246792989"><ele>5.9</ele><time>2026-06-06T23:43:55.000Z</time></trkpt>
<trkpt lat="31.20286709670899" lon="121.6446496355188"><ele>6.5</ele><time>2026-06-06T23:43:56.000Z</time></trkpt>
<trkpt lat="31.20287505011759" lon="121.6446745917262"><ele>6.5</ele><time>2026-06-06T23:43:57.000Z</time></trkpt>
<trkpt lat="31.20288400473504" lon="121.6446985495639"><ele>6.5</ele><time>2026-06-06T23:43:58.000Z</time></trkpt>
<trkpt lat="31.20289395885416" lon="121.6447225073071"><ele>6.5</ele><time>2026-06-06T23:43:59.000Z</time></trkpt>
<trkpt lat="31.20290291345123" lon="121.644746465122"><ele>6.5</ele><time>2026-06-06T23:44:00.000Z</time></trkpt>
<trkpt lat="31.20291086852623" lon="121.6447704230085"><ele>6.5</ele><time>2026-06-06T23:44:01.000Z</time></trkpt>
<trkpt lat="31.20291982310292" lon="121.6447943808005"><ele>6.5</ele><time>2026-06-06T23:44:02.000Z</time></trkpt>
<trkpt lat="31.20292677693543" lon="121.6448193370191"><ele>6.5</ele><time>2026-06-06T23:44:03.000Z</time></trkpt>
<trkpt lat="31.20293373246757" lon="121.6448432949541"><ele>6.5</ele><time>2026-06-06T23:44:04.000Z</time></trkpt>
<trkpt lat="31.20293968847764" lon="121.6448672529608"><ele>6.5</ele><time>2026-06-06T23:44:05.000Z</time></trkpt>
<trkpt lat="31.202945642766" lon="121.6448922092264"><ele>5</ele><time>2026-06-06T23:44:06.000Z</time></trkpt>
<trkpt lat="31.20295059753142" lon="121.6449171655628"><ele>5</ele><time>2026-06-06T23:44:07.000Z</time></trkpt>
<trkpt lat="31.20295455277391" lon="121.6449421219701"><ele>5</ele><time>2026-06-06T23:44:08.000Z</time></trkpt>
<trkpt lat="31.20295750849345" lon="121.6449670784481"><ele>5</ele><time>2026-06-06T23:44:09.000Z</time></trkpt>
<trkpt lat="31.20296046420198" lon="121.6449920349139"><ele>5</ele><time>2026-06-06T23:44:10.000Z</time></trkpt>
<trkpt lat="31.20296341989951" lon="121.6450169913675"><ele>5</ele><time>2026-06-06T23:44:11.000Z</time></trkpt>
<trkpt lat="31.20296537778831" lon="121.6450409496245"><ele>5</ele><time>2026-06-06T23:44:12.000Z</time></trkpt>
<trkpt lat="31.20296933297623" lon="121.6450659059709"><ele>5</ele><time>2026-06-06T23:44:13.000Z</time></trkpt>
<trkpt lat="31.20297428938017" lon="121.6450898639556"><ele>5</ele><time>2026-06-06T23:44:14.000Z</time></trkpt>
<trkpt lat="31.20297924577403" lon="121.645113821929"><ele>5</ele><time>2026-06-06T23:44:15.000Z</time></trkpt>
<trkpt lat="31.20298520166975" lon="121.6451377798081"><ele>4.9</ele><time>2026-06-06T23:44:16.000Z</time></trkpt>
<trkpt lat="31.20299115755542" lon="121.6451617376759"><ele>4.9</ele><time>2026-06-06T23:44:17.000Z</time></trkpt>
<trkpt lat="31.20299811465971" lon="121.6451846971849"><ele>4.9</ele><time>2026-06-06T23:44:18.000Z</time></trkpt>
<trkpt lat="31.2030050717548" lon="121.6452076566835"><ele>4.9</ele><time>2026-06-06T23:44:19.000Z</time></trkpt>
<trkpt lat="31.20301303178762" lon="121.6452286195613"><ele>4.9</ele><time>2026-06-06T23:44:20.000Z</time></trkpt>
<trkpt lat="31.20302299427237" lon="121.6452475857377"><ele>4.9</ele><time>2026-06-06T23:44:21.000Z</time></trkpt>
<trkpt lat="31.20303596044116" lon="121.6452635568686"><ele>4.9</ele><time>2026-06-06T23:44:22.000Z</time></trkpt>
<trkpt lat="31.20305193201489" lon="121.6452755346941"><ele>4.9</ele><time>2026-06-06T23:44:23.000Z</time></trkpt>
<trkpt lat="31.20306890825373" lon="121.6452845176458"><ele>4.9</ele><time>2026-06-06T23:44:24.000Z</time></trkpt>
<trkpt lat="31.20308889162024" lon="121.6452885090341"><ele>4.9</ele><time>2026-06-06T23:44:25.000Z</time></trkpt>
<trkpt lat="31.20310888014246" lon="121.6452895056344"><ele>4.8</ele><time>2026-06-06T23:44:26.000Z</time></trkpt>
<trkpt lat="31.20312887210205" lon="121.6452885057096"><ele>4.8</ele><time>2026-06-06T23:44:27.000Z</time></trkpt>
<trkpt lat="31.20314987044784" lon="121.6452835126511"><ele>4.8</ele><time>2026-06-06T23:44:28.000Z</time></trkpt>
<trkpt lat="31.2031708705119" lon="121.6452775213295"><ele>4.8</ele><time>2026-06-06T23:44:29.000Z</time></trkpt>
<trkpt lat="31.20318987670603" lon="121.6452685353845"><ele>4.8</ele><time>2026-06-06T23:44:30.000Z</time></trkpt>
<trkpt lat="31.20320788682289" lon="121.6452575529948"><ele>4.8</ele><time>2026-06-06T23:44:31.000Z</time></trkpt>
<trkpt lat="31.20322390134915" lon="121.6452445742422"><ele>4.8</ele><time>2026-06-06T23:44:32.000Z</time></trkpt>
<trkpt lat="31.203238921513" lon="121.6452286007783"><ele>4.8</ele><time>2026-06-06T23:44:33.000Z</time></trkpt>
<trkpt lat="31.20325194436541" lon="121.6452116292117"><ele>4.8</ele><time>2026-06-06T23:44:34.000Z</time></trkpt>
<trkpt lat="31.2032659701588" lon="121.6451926610275"><ele>4.8</ele><time>2026-06-06T23:44:35.000Z</time></trkpt>
<trkpt lat="31.20327799692168" lon="121.6451736930025"><ele>4.7</ele><time>2026-06-06T23:44:36.000Z</time></trkpt>
<trkpt lat="31.20329002711067" lon="121.6451527284402"><ele>4.7</ele><time>2026-06-06T23:44:37.000Z</time></trkpt>
<trkpt lat="31.20330105777986" lon="121.6451317639523"><ele>4.7</ele><time>2026-06-06T23:44:38.000Z</time></trkpt>
<trkpt lat="31.20331209187221" lon="121.6451088029238"><ele>4.7</ele><time>2026-06-06T23:44:39.000Z</time></trkpt>
<trkpt lat="31.20332312252541" lon="121.645087838418"><ele>4.7</ele><time>2026-06-06T23:44:40.000Z</time></trkpt>
<trkpt lat="31.20333315365875" lon="121.6450668739866"><ele>4.7</ele><time>2026-06-06T23:44:41.000Z</time></trkpt>
<trkpt lat="31.20334518209465" lon="121.6450469076478"><ele>4.7</ele><time>2026-06-06T23:44:42.000Z</time></trkpt>
<trkpt lat="31.20335820832194" lon="121.6450279394856"><ele>4.7</ele><time>2026-06-06T23:44:43.000Z</time></trkpt>
<trkpt lat="31.20337322671299" lon="121.6450129642221"><ele>4.7</ele><time>2026-06-06T23:44:44.000Z</time></trkpt>
<trkpt lat="31.20339023727101" lon="121.6450019818608"><ele>4.7</ele><time>2026-06-06T23:44:45.000Z</time></trkpt>
<trkpt lat="31.20340824391282" lon="121.6449929959507"><ele>4.2</ele><time>2026-06-06T23:44:46.000Z</time></trkpt>
<trkpt lat="31.20342724321296" lon="121.6449880030298"><ele>4.2</ele><time>2026-06-06T23:44:47.000Z</time></trkpt>
<trkpt lat="31.20344823811127" lon="121.6449850064791"><ele>4.2</ele><time>2026-06-06T23:44:48.000Z</time></trkpt>
<trkpt lat="31.20346923129665" lon="121.6449830081969"><ele>4.2</ele><time>2026-06-06T23:44:49.000Z</time></trkpt>
<trkpt lat="31.20349122228156" lon="121.6449820081"><ele>4.2</ele><time>2026-06-06T23:44:50.000Z</time></trkpt>
<trkpt lat="31.20351321326686" lon="121.6449810080031"><ele>4.2</ele><time>2026-06-06T23:44:51.000Z</time></trkpt>
<trkpt lat="31.20353519911316" lon="121.6449830027118"><ele>4.2</ele><time>2026-06-06T23:44:52.000Z</time></trkpt>
<trkpt lat="31.20355818104581" lon="121.6449869938743"><ele>4.2</ele><time>2026-06-06T23:44:53.000Z</time></trkpt>
<trkpt lat="31.20358115955199" lon="121.6449929815731"><ele>4.2</ele><time>2026-06-06T23:44:54.000Z</time></trkpt>
<trkpt lat="31.20360313683209" lon="121.6449999676226"><ele>4.2</ele><time>2026-06-06T23:44:55.000Z</time></trkpt>
<trkpt lat="31.20362511411172" lon="121.6450069536711"><ele>5.2</ele><time>2026-06-06T23:44:56.000Z</time></trkpt>
<trkpt lat="31.20364809604439" lon="121.6450109448316"><ele>5.2</ele><time>2026-06-06T23:44:57.000Z</time></trkpt>
<trkpt lat="31.20367008531943" lon="121.6450109430032"><ele>5.2</ele><time>2026-06-06T23:44:58.000Z</time></trkpt>
<trkpt lat="31.20369207802213" lon="121.6450089446389"><ele>5.2</ele><time>2026-06-06T23:44:59.000Z</time></trkpt>
<trkpt lat="31.2037140758658" lon="121.6450039514702"><ele>5.2</ele><time>2026-06-06T23:45:00.000Z</time></trkpt>
<trkpt lat="31.2037350776237" lon="121.6449969618477"><ele>5.2</ele><time>2026-06-06T23:45:01.000Z</time></trkpt>
<trkpt lat="31.20375508158178" lon="121.644988974039"><ele>5.2</ele><time>2026-06-06T23:45:02.000Z</time></trkpt>
<trkpt lat="31.20377608676478" lon="121.6449799878773"><ele>5.2</ele><time>2026-06-06T23:45:03.000Z</time></trkpt>
<trkpt lat="31.20379609243411" lon="121.6449710017971"><ele>5.2</ele><time>2026-06-06T23:45:04.000Z</time></trkpt>
<trkpt lat="31.20381709590217" lon="121.6449630139012"><ele>5.2</ele><time>2026-06-06T23:45:05.000Z</time></trkpt>
<trkpt lat="31.20383709985683" lon="121.6449550260871"><ele>4.8</ele><time>2026-06-06T23:45:06.000Z</time></trkpt>
<trkpt lat="31.20385710381069" lon="121.6449470382718"><ele>4.8</ele><time>2026-06-06T23:45:07.000Z</time></trkpt>
<trkpt lat="31.20387710605137" lon="121.6449400487246"><ele>4.8</ele><time>2026-06-06T23:45:08.000Z</time></trkpt>
<trkpt lat="31.20389711000378" lon="121.6449320609069"><ele>4.8</ele><time>2026-06-06T23:45:09.000Z</time></trkpt>
<trkpt lat="31.20391611444267" lon="121.6449240731711"><ele>4.8</ele><time>2026-06-06T23:45:10.000Z</time></trkpt>
<trkpt lat="31.2039351205927" lon="121.6449150871642"><ele>4.8</ele><time>2026-06-06T23:45:11.000Z</time></trkpt>
<trkpt lat="31.20395412845338" lon="121.6449051028856"><ele>4.8</ele><time>2026-06-06T23:45:12.000Z</time></trkpt>
<trkpt lat="31.20397413924851" lon="121.6448931219815"><ele>4.8</ele><time>2026-06-06T23:45:13.000Z</time></trkpt>
<trkpt lat="31.20399415004143" lon="121.6448811410745"><ele>4.8</ele><time>2026-06-06T23:45:14.000Z</time></trkpt>
<trkpt lat="31.20401416254326" lon="121.644868161894"><ele>4.8</ele><time>2026-06-06T23:45:15.000Z</time></trkpt>
<trkpt lat="31.20403516771155" lon="121.6448591757109"><ele>4.2</ele><time>2026-06-06T23:45:16.000Z</time></trkpt>
<trkpt lat="31.20405716554826" lon="121.6448541825276"><ele>4.2</ele><time>2026-06-06T23:45:17.000Z</time></trkpt>
<trkpt lat="31.20407915825249" lon="121.6448521841571"><ele>4.2</ele><time>2026-06-06T23:45:18.000Z</time></trkpt>
<trkpt lat="31.20410214704829" lon="121.6448521822457"><ele>4.2</ele><time>2026-06-06T23:45:19.000Z</time></trkpt>
<trkpt lat="31.20412513584452" lon="121.6448521803342"><ele>4.2</ele><time>2026-06-06T23:45:20.000Z</time></trkpt>
<trkpt lat="31.20414613074782" lon="121.6448491837756"><ele>4.2</ele><time>2026-06-06T23:45:21.000Z</time></trkpt>
<trkpt lat="31.20416613640246" lon="121.6448401976724"><ele>4.2</ele><time>2026-06-06T23:45:22.000Z</time></trkpt>
<trkpt lat="31.20418415158222" lon="121.644826220376"><ele>4.2</ele><time>2026-06-06T23:45:23.000Z</time></trkpt>
<trkpt lat="31.20419917506029" lon="121.6448082502373"><ele>4.2</ele><time>2026-06-06T23:45:24.000Z</time></trkpt>
<trkpt lat="31.20421120512304" lon="121.6447872855246"><ele>4.2</ele><time>2026-06-06T23:45:25.000Z</time></trkpt>
<trkpt lat="31.20422324030592" lon="121.6447633259847"><ele>3.7</ele><time>2026-06-06T23:45:26.000Z</time></trkpt>
<trkpt lat="31.20423427254801" lon="121.6447413630631"><ele>3.7</ele><time>2026-06-06T23:45:27.000Z</time></trkpt>
<trkpt lat="31.20424829819505" lon="121.6447223947036"><ele>3.7</ele><time>2026-06-06T23:45:28.000Z</time></trkpt>
<trkpt lat="31.20426532066664" lon="121.6447044243618"><ele>3.7</ele><time>2026-06-06T23:45:29.000Z</time></trkpt>
<trkpt lat="31.20428233800896" lon="121.6446894488365"><ele>3.7</ele><time>2026-06-06T23:45:30.000Z</time></trkpt>
<trkpt lat="31.20430235047123" lon="121.6446764696067"><ele>3.7</ele><time>2026-06-06T23:45:31.000Z</time></trkpt>
<trkpt lat="31.20432136171028" lon="121.6446644887314"><ele>3.7</ele><time>2026-06-06T23:45:32.000Z</time></trkpt>
<trkpt lat="31.20434237368047" lon="121.644651509412"><ele>3.7</ele><time>2026-06-06T23:45:33.000Z</time></trkpt>
<trkpt lat="31.20436238442788" lon="121.6446395284477"><ele>3.7</ele><time>2026-06-06T23:45:34.000Z</time></trkpt>
<trkpt lat="31.20438239517306" lon="121.6446275474805"><ele>3.7</ele><time>2026-06-06T23:45:35.000Z</time></trkpt>
<trkpt lat="31.2044024076226" lon="121.6446145682346"><ele>3.9</ele><time>2026-06-06T23:45:36.000Z</time></trkpt>
<trkpt lat="31.20442342128894" lon="121.6446005906263"><ele>3.9</ele><time>2026-06-06T23:45:37.000Z</time></trkpt>
<trkpt lat="31.20444343543898" lon="121.6445866130971"><ele>3.9</ele><time>2026-06-06T23:45:38.000Z</time></trkpt>
<trkpt lat="31.20446345129169" lon="121.6445716372873"><ele>3.9</ele><time>2026-06-06T23:45:39.000Z</time></trkpt>
<trkpt lat="31.20448246762751" lon="121.6445566615562"><ele>3.9</ele><time>2026-06-06T23:45:40.000Z</time></trkpt>
<trkpt lat="31.2045024834728" lon="121.6445416857375"><ele>3.9</ele><time>2026-06-06T23:45:41.000Z</time></trkpt>
<trkpt lat="31.20452149980116" lon="121.6445267099974"><ele>3.9</ele><time>2026-06-06T23:45:42.000Z</time></trkpt>
<trkpt lat="31.20454051612578" lon="121.6445117342529"><ele>3.9</ele><time>2026-06-06T23:45:43.000Z</time></trkpt>
<trkpt lat="31.20456053195992" lon="121.6444967584207"><ele>3.9</ele><time>2026-06-06T23:45:44.000Z</time></trkpt>
<trkpt lat="31.20457954827707" lon="121.6444817826671"><ele>3.9</ele><time>2026-06-06T23:45:45.000Z</time></trkpt>
<trkpt lat="31.20459856459047" lon="121.644466806909"><ele>4.2</ele><time>2026-06-06T23:45:46.000Z</time></trkpt>
<trkpt lat="31.20461758090012" lon="121.6444518311464"><ele>4.2</ele><time>2026-06-06T23:45:47.000Z</time></trkpt>
<trkpt lat="31.20463559769271" lon="121.6444368554624"><ele>4.2</ele><time>2026-06-06T23:45:48.000Z</time></trkpt>
<trkpt lat="31.20465361448151" lon="121.6444218797739"><ele>4.2</ele><time>2026-06-06T23:45:49.000Z</time></trkpt>
<trkpt lat="31.20467163126652" lon="121.6444069040809"><ele>4.2</ele><time>2026-06-06T23:45:50.000Z</time></trkpt>
<trkpt lat="31.20469064585851" lon="121.6443929265805"><ele>4.2</ele><time>2026-06-06T23:45:51.000Z</time></trkpt>
<trkpt lat="31.20470966044725" lon="121.6443789490762"><ele>4.2</ele><time>2026-06-06T23:45:52.000Z</time></trkpt>
<trkpt lat="31.20472967454615" lon="121.6443649714848"><ele>4.2</ele><time>2026-06-06T23:45:53.000Z</time></trkpt>
<trkpt lat="31.20475068815525" lon="121.6443509938065"><ele>4.2</ele><time>2026-06-06T23:45:54.000Z</time></trkpt>
<trkpt lat="31.20477070224774" lon="121.6443370162072"><ele>4.2</ele><time>2026-06-06T23:45:55.000Z</time></trkpt>
<trkpt lat="31.20479171585047" lon="121.644323038521"><ele>3.8</ele><time>2026-06-06T23:45:56.000Z</time></trkpt>
<trkpt lat="31.20481273115109" lon="121.6443080625488"><ele>3.8</ele><time>2026-06-06T23:45:57.000Z</time></trkpt>
<trkpt lat="31.20483274693452" lon="121.6442930866552"><ele>3.8</ele><time>2026-06-06T23:45:58.000Z</time></trkpt>
<trkpt lat="31.20485276101367" lon="121.6442791090396"><ele>3.8</ele><time>2026-06-06T23:45:59.000Z</time></trkpt>
<trkpt lat="31.20487277338929" lon="121.6442661297029"><ele>3.8</ele><time>2026-06-06T23:46:00.000Z</time></trkpt>
<trkpt lat="31.20489278236201" lon="121.6442551469288"><ele>3.8</ele><time>2026-06-06T23:46:01.000Z</time></trkpt>
<trkpt lat="31.20491279133286" lon="121.6442441641523"><ele>3.8</ele><time>2026-06-06T23:46:02.000Z</time></trkpt>
<trkpt lat="31.20493280030184" lon="121.6442331813734"><ele>3.8</ele><time>2026-06-06T23:46:03.000Z</time></trkpt>
<trkpt lat="31.20495280926896" lon="121.644222198592"><ele>3.8</ele><time>2026-06-06T23:46:04.000Z</time></trkpt>
<trkpt lat="31.20497381774781" lon="121.6442112157251"><ele>3.8</ele><time>2026-06-06T23:46:05.000Z</time></trkpt>
<trkpt lat="31.20499382671121" lon="121.6442002329388"><ele>3.9</ele><time>2026-06-06T23:46:06.000Z</time></trkpt>
<trkpt lat="31.20501483518637" lon="121.644189250067"><ele>3.9</ele><time>2026-06-06T23:46:07.000Z</time></trkpt>
<trkpt lat="31.20503484244733" lon="121.6441792655604"><ele>3.9</ele><time>2026-06-06T23:46:08.000Z</time></trkpt>
<trkpt lat="31.20505485140535" lon="121.644168282767"><ele>3.9</ele><time>2026-06-06T23:46:09.000Z</time></trkpt>
<trkpt lat="31.20507485866315" lon="121.6441582982562"><ele>3.9</ele><time>2026-06-06T23:46:10.000Z</time></trkpt>
<trkpt lat="31.20509486761761" lon="121.6441473154581"><ele>3.9</ele><time>2026-06-06T23:46:11.000Z</time></trkpt>
<trkpt lat="31.20511387875443" lon="121.6441353344553"><ele>3.9</ele><time>2026-06-06T23:46:12.000Z</time></trkpt>
<trkpt lat="31.20513388770494" lon="121.6441243516521"><ele>3.9</ele><time>2026-06-06T23:46:13.000Z</time></trkpt>
<trkpt lat="31.20515389835107" lon="121.6441123705605"><ele>3.9</ele><time>2026-06-06T23:46:14.000Z</time></trkpt>
<trkpt lat="31.20517490681139" lon="121.644101387669"><ele>3.9</ele><time>2026-06-06T23:46:15.000Z</time></trkpt>
<trkpt lat="31.20519591696696" lon="121.6440894064887"><ele>4.1</ele><time>2026-06-06T23:46:16.000Z</time></trkpt>
<trkpt lat="31.20521692542339" lon="121.6440784235921"><ele>4.1</ele><time>2026-06-06T23:46:17.000Z</time></trkpt>
<trkpt lat="31.20523793557464" lon="121.6440664424063"><ele>4.1</ele><time>2026-06-06T23:46:18.000Z</time></trkpt>
<trkpt lat="31.20525794960264" lon="121.6440524647263"><ele>4.1</ele><time>2026-06-06T23:46:19.000Z</time></trkpt>
<trkpt lat="31.20527696411354" lon="121.6440384871254"><ele>4.1</ele><time>2026-06-06T23:46:20.000Z</time></trkpt>
<trkpt lat="31.20529498249904" lon="121.6440225130281"><ele>4.1</ele><time>2026-06-06T23:46:21.000Z</time></trkpt>
<trkpt lat="31.20531200475733" lon="121.6440045424325"><ele>4.1</ele><time>2026-06-06T23:46:22.000Z</time></trkpt>
<trkpt lat="31.20532703137249" lon="121.6439845754194"><ele>4.1</ele><time>2026-06-06T23:46:23.000Z</time></trkpt>
<trkpt lat="31.20534005895268" lon="121.6439646085643"><ele>4.1</ele><time>2026-06-06T23:46:24.000Z</time></trkpt>
<trkpt lat="31.20535209209494" lon="121.6439416469159"><ele>4.1</ele><time>2026-06-06T23:46:25.000Z</time></trkpt>
<trkpt lat="31.20536111143957" lon="121.6439276701142"><ele>3.6</ele><time>2026-06-06T23:46:26.000Z</time></trkpt>
<trkpt lat="31.20537011722922" lon="121.6439216796278"><ele>3.6</ele><time>2026-06-06T23:46:27.000Z</time></trkpt>
<trkpt lat="31.20537912471217" lon="121.6439146908506"><ele>3.6</ele><time>2026-06-06T23:46:28.000Z</time></trkpt>
<trkpt lat="31.20538713437407" lon="121.6439067038655"><ele>3.6</ele><time>2026-06-06T23:46:29.000Z</time></trkpt>
<trkpt lat="31.20539514234126" lon="121.6438997151693"><ele>3.6</ele><time>2026-06-06T23:46:30.000Z</time></trkpt>
<trkpt lat="31.20540117159998" lon="121.6438807471516"><ele>3.6</ele><time>2026-06-06T23:46:31.000Z</time></trkpt>
<trkpt lat="31.2054062148807" lon="121.6438537928805"><ele>3.6</ele><time>2026-06-06T23:46:32.000Z</time></trkpt>
<trkpt lat="31.20541125814797" lon="121.6438268385944"><ele>3.6</ele><time>2026-06-06T23:46:33.000Z</time></trkpt>
<trkpt lat="31.20541729922401" lon="121.6438008825025"><ele>3.6</ele><time>2026-06-06T23:46:34.000Z</time></trkpt>
<trkpt lat="31.2054253359329" lon="121.6437769228162"><ele>3.6</ele><time>2026-06-06T23:46:35.000Z</time></trkpt>
<trkpt lat="31.20543636948223" lon="121.643753961162"><ele>3.9</ele><time>2026-06-06T23:46:36.000Z</time></trkpt>
<trkpt lat="31.20544939697835" lon="121.6437339942119"><ele>3.9</ele><time>2026-06-06T23:46:37.000Z</time></trkpt>
<trkpt lat="31.20546541793865" lon="121.6437170218865"><ele>3.9</ele><time>2026-06-06T23:46:38.000Z</time></trkpt>
<trkpt lat="31.2054814388938" lon="121.6437000495551"><ele>3.9</ele><time>2026-06-06T23:46:39.000Z</time></trkpt>
<trkpt lat="31.20549845935783" lon="121.6436830771347"><ele>3.9</ele><time>2026-06-06T23:46:40.000Z</time></trkpt>
<trkpt lat="31.20551248465309" lon="121.6436641083673"><ele>3.9</ele><time>2026-06-06T23:46:41.000Z</time></trkpt>
<trkpt lat="31.2055255121166" lon="121.64364414138"><ele>3.9</ele><time>2026-06-06T23:46:42.000Z</time></trkpt>
<trkpt lat="31.20553754343567" lon="121.6436221778754"><ele>3.9</ele><time>2026-06-06T23:46:43.000Z</time></trkpt>
<trkpt lat="31.2055485769198" lon="121.6435992161473"><ele>3.9</ele><time>2026-06-06T23:46:44.000Z</time></trkpt>
<trkpt lat="31.20555761305356" lon="121.6435752562775"><ele>3.9</ele><time>2026-06-06T23:46:45.000Z</time></trkpt>
<trkpt lat="31.20556664917665" lon="121.6435512963956"><ele>4.5</ele><time>2026-06-06T23:46:46.000Z</time></trkpt>
<trkpt lat="31.20557368794751" lon="121.6435263383699"><ele>4.5</ele><time>2026-06-06T23:46:47.000Z</time></trkpt>
<trkpt lat="31.20557872936469" lon="121.6435003821988"><ele>4.5</ele><time>2026-06-06T23:46:48.000Z</time></trkpt>
<trkpt lat="31.20558077222692" lon="121.6434744262628"><ele>4.5</ele><time>2026-06-06T23:46:49.000Z</time></trkpt>
<trkpt lat="31.20558081604829" lon="121.6434484704788"><ele>4.5</ele><time>2026-06-06T23:46:50.000Z</time></trkpt>
<trkpt lat="31.20557686348526" lon="121.6434215167128"><ele>4.5</ele><time>2026-06-06T23:46:51.000Z</time></trkpt>
<trkpt lat="31.20557091019617" lon="121.6433955613985"><ele>4.5</ele><time>2026-06-06T23:46:52.000Z</time></trkpt>
<trkpt lat="31.20556295954992" lon="121.6433686079348"><ele>4.5</ele><time>2026-06-06T23:46:53.000Z</time></trkpt>
<trkpt lat="31.20555500889001" lon="121.6433416544558"><ele>4.5</ele><time>2026-06-06T23:46:54.000Z</time></trkpt>
<trkpt lat="31.2055480577305" lon="121.6433147008784"><ele>4.5</ele><time>2026-06-06T23:46:55.000Z</time></trkpt>
<trkpt lat="31.2055421077535" lon="121.6432867488994"><ele>5.5</ele><time>2026-06-06T23:46:56.000Z</time></trkpt>
<trkpt lat="31.20553615608011" lon="121.6432597952076"><ele>5.5</ele><time>2026-06-06T23:46:57.000Z</time></trkpt>
<trkpt lat="31.20553220173996" lon="121.6432338396385"><ele>5.5</ele><time>2026-06-06T23:46:58.000Z</time></trkpt>
<trkpt lat="31.20552724787298" lon="121.6432078841381"><ele>5.5</ele><time>2026-06-06T23:46:59.000Z</time></trkpt>
<trkpt lat="31.20552029496511" lon="121.6431819287896"><ele>5.5</ele><time>2026-06-06T23:47:00.000Z</time></trkpt>
<trkpt lat="31.2055133386851" lon="121.6431579700384"><ele>5.5</ele><time>2026-06-06T23:47:01.000Z</time></trkpt>
<trkpt lat="31.20550538288017" lon="121.643134011358"><ele>5.5</ele><time>2026-06-06T23:47:02.000Z</time></trkpt>
<trkpt lat="31.20549642587151" lon="121.6431110510553"><ele>5.5</ele><time>2026-06-06T23:47:03.000Z</time></trkpt>
<trkpt lat="31.20548546982481" lon="121.6430880909075"><ele>5.5</ele><time>2026-06-06T23:47:04.000Z</time></trkpt>
<trkpt lat="31.20547551328217" lon="121.6430651306654"><ele>5.5</ele><time>2026-06-06T23:47:05.000Z</time></trkpt>
<trkpt lat="31.20546455889302" lon="121.6430411721869"><ele>6.6</ele><time>2026-06-06T23:47:06.000Z</time></trkpt>
<trkpt lat="31.20545360617" lon="121.6430162153872"><ele>6.6</ele><time>2026-06-06T23:47:07.000Z</time></trkpt>
<trkpt lat="31.20544265175863" lon="121.6429922568836"><ele>6.6</ele><time>2026-06-06T23:47:08.000Z</time></trkpt>
<trkpt lat="31.20543169901243" lon="121.6429673000578"><ele>6.6</ele><time>2026-06-06T23:47:09.000Z</time></trkpt>
<trkpt lat="31.20542174576836" lon="121.6429423431357"><ele>6.6</ele><time>2026-06-06T23:47:10.000Z</time></trkpt>
<trkpt lat="31.20541279202638" lon="121.642917386117"><ele>6.6</ele><time>2026-06-06T23:47:11.000Z</time></trkpt>
<trkpt lat="31.20540683513972" lon="121.6428934271473"><ele>6.6</ele><time>2026-06-06T23:47:12.000Z</time></trkpt>
<trkpt lat="31.2054038784581" lon="121.6428684696039"><ele>6.6</ele><time>2026-06-06T23:47:13.000Z</time></trkpt>
<trkpt lat="31.20540591766056" lon="121.6428445099444"><ele>6.6</ele><time>2026-06-06T23:47:14.000Z</time></trkpt>
<trkpt lat="31.20541395226247" lon="121.642821548087"><ele>6.6</ele><time>2026-06-06T23:47:15.000Z</time></trkpt>
<trkpt lat="31.20542697940557" lon="121.6428015807433"><ele>4.7</ele><time>2026-06-06T23:47:16.000Z</time></trkpt>
<trkpt lat="31.20544300006549" lon="121.6427846080831"><ele>4.7</ele><time>2026-06-06T23:47:17.000Z</time></trkpt>
<trkpt lat="31.20546301375931" lon="121.6427706300268"><ele>4.7</ele><time>2026-06-06T23:47:18.000Z</time></trkpt>
<trkpt lat="31.20548402529168" lon="121.6427576501975"><ele>4.7</ele><time>2026-06-06T23:47:19.000Z</time></trkpt>
<trkpt lat="31.20550503514936" lon="121.6427456686793"><ele>4.7</ele><time>2026-06-06T23:47:20.000Z</time></trkpt>
<trkpt lat="31.20552604834775" lon="121.6427316905282"><ele>4.7</ele><time>2026-06-06T23:47:21.000Z</time></trkpt>
<trkpt lat="31.205544066343" lon="121.6427157159916"><ele>4.7</ele><time>2026-06-06T23:47:22.000Z</time></trkpt>
<trkpt lat="31.20556108816129" lon="121.6426977449013"><ele>4.7</ele><time>2026-06-06T23:47:23.000Z</time></trkpt>
<trkpt lat="31.20557511477229" lon="121.6426777774211"><ele>4.7</ele><time>2026-06-06T23:47:24.000Z</time></trkpt>
<trkpt lat="31.20558714735773" lon="121.6426548151489"><ele>4.7</ele><time>2026-06-06T23:47:25.000Z</time></trkpt>
<trkpt lat="31.20559818208854" lon="121.6426308546312"><ele>4.3</ele><time>2026-06-06T23:47:26.000Z</time></trkpt>
<trkpt lat="31.20560722111824" lon="121.6426048976319"><ele>4.3</ele><time>2026-06-06T23:47:27.000Z</time></trkpt>
<trkpt lat="31.20561626013491" lon="121.642578940618"><ele>4.3</ele><time>2026-06-06T23:47:28.000Z</time></trkpt>
<trkpt lat="31.20562230226418" lon="121.6425519855198"><ele>4.3</ele><time>2026-06-06T23:47:29.000Z</time></trkpt>
<trkpt lat="31.20563033673735" lon="121.6425290235171"><ele>4.3</ele><time>2026-06-06T23:47:30.000Z</time></trkpt>
<trkpt lat="31.20563737001898" lon="121.6425070599057"><ele>4.3</ele><time>2026-06-06T23:47:31.000Z</time></trkpt>
<trkpt lat="31.20564140641551" lon="121.6424840982128"><ele>4.3</ele><time>2026-06-06T23:47:32.000Z</time></trkpt>
<trkpt lat="31.20564344210714" lon="121.6424621349952"><ele>4.3</ele><time>2026-06-06T23:47:33.000Z</time></trkpt>
<trkpt lat="31.20564248091275" lon="121.6424391736951"><ele>4.3</ele><time>2026-06-06T23:47:34.000Z</time></trkpt>
<trkpt lat="31.20563552928459" lon="121.6424122195946"><ele>4.3</ele><time>2026-06-06T23:47:35.000Z</time></trkpt>
<trkpt lat="31.20562657861397" lon="121.6423852656443"><ele>4</ele><time>2026-06-06T23:47:36.000Z</time></trkpt>
<trkpt lat="31.20561562723661" lon="121.6423593101672"><ele>4</ele><time>2026-06-06T23:47:37.000Z</time></trkpt>
<trkpt lat="31.20560467418235" lon="121.6423343529989"><ele>4</ele><time>2026-06-06T23:47:38.000Z</time></trkpt>
<trkpt lat="31.20559172208773" lon="121.642309395983"><ele>4</ele><time>2026-06-06T23:47:39.000Z</time></trkpt>
<trkpt lat="31.20557776714121" lon="121.6422864356857"><ele>4</ele><time>2026-06-06T23:47:40.000Z</time></trkpt>
<trkpt lat="31.20556281100798" lon="121.642264473785"><ele>4</ele><time>2026-06-06T23:47:41.000Z</time></trkpt>
<trkpt lat="31.20554685368936" lon="121.6422435102822"><ele>4</ele><time>2026-06-06T23:47:42.000Z</time></trkpt>
<trkpt lat="31.20553089470068" lon="121.6422235450958"><ele>4</ele><time>2026-06-06T23:47:43.000Z</time></trkpt>
<trkpt lat="31.20551493570434" lon="121.6422035799006"><ele>4</ele><time>2026-06-06T23:47:44.000Z</time></trkpt>
<trkpt lat="31.20549997621439" lon="121.6421836146134"><ele>4</ele><time>2026-06-06T23:47:45.000Z</time></trkpt>
<trkpt lat="31.20548501671674" lon="121.6421636493175"><ele>4.1</ele><time>2026-06-06T23:47:46.000Z</time></trkpt>
<trkpt lat="31.20547105838545" lon="121.6421426856019"><ele>4.1</ele><time>2026-06-06T23:47:47.000Z</time></trkpt>
<trkpt lat="31.20545710170524" lon="121.6421207235483"><ele>4.1</ele><time>2026-06-06T23:47:48.000Z</time></trkpt>
<trkpt lat="31.20544214052408" lon="121.6421017565533"><ele>4.1</ele><time>2026-06-06T23:47:49.000Z</time></trkpt>
<trkpt lat="31.20542618148084" lon="121.6420817913042"><ele>4.1</ele><time>2026-06-06T23:47:50.000Z</time></trkpt>
<trkpt lat="31.20541022077147" lon="121.6420628243758"><ele>4.1</ele><time>2026-06-06T23:47:51.000Z</time></trkpt>
<trkpt lat="31.20539425839709" lon="121.6420448557693"><ele>4.1</ele><time>2026-06-06T23:47:52.000Z</time></trkpt>
<trkpt lat="31.20537629367314" lon="121.6420288839824"><ele>4.1</ele><time>2026-06-06T23:47:53.000Z</time></trkpt>
<trkpt lat="31.20535733108792" lon="121.6420119139423"><ele>4.1</ele><time>2026-06-06T23:47:54.000Z</time></trkpt>
<trkpt lat="31.20533736401198" lon="121.6419979389718"><ele>4.1</ele><time>2026-06-06T23:47:55.000Z</time></trkpt>
<trkpt lat="31.20531739361869" lon="121.6419859606595"><ele>4.7</ele><time>2026-06-06T23:47:56.000Z</time></trkpt>
<trkpt lat="31.20529542088173" lon="121.6419759791731"><ele>4.7</ele><time>2026-06-06T23:47:57.000Z</time></trkpt>
<trkpt lat="31.20527444434394" lon="121.6419679942648"><ele>4.7</ele><time>2026-06-06T23:47:58.000Z</time></trkpt>
<trkpt lat="31.20525246497857" lon="121.6419620061017"><ele>4.7</ele><time>2026-06-06T23:47:59.000Z</time></trkpt>
<trkpt lat="31.20523048395656" lon="121.6419570162697"><ele>4.7</ele><time>2026-06-06T23:48:00.000Z</time></trkpt>
<trkpt lat="31.20520850127818" lon="121.6419530247691"><ele>4.7</ele><time>2026-06-06T23:48:01.000Z</time></trkpt>
<trkpt lat="31.20518651694371" lon="121.6419500316003"><ele>4.7</ele><time>2026-06-06T23:48:02.000Z</time></trkpt>
<trkpt lat="31.20516352978335" lon="121.6419490351785"><ele>4.7</ele><time>2026-06-06T23:48:03.000Z</time></trkpt>
<trkpt lat="31.20514054262343" lon="121.6419480387566"><ele>4.7</ele><time>2026-06-06T23:48:04.000Z</time></trkpt>
<trkpt lat="31.20511755215158" lon="121.641949038999"><ele>4.7</ele><time>2026-06-06T23:48:05.000Z</time></trkpt>
<trkpt lat="31.20509456002394" lon="121.6419510375733"><ele>4.8</ele><time>2026-06-06T23:48:06.000Z</time></trkpt>
<trkpt lat="31.20507056672671" lon="121.6419540345626"><ele>4.8</ele><time>2026-06-06T23:48:07.000Z</time></trkpt>
<trkpt lat="31.20504757128707" lon="121.6419580298005"><ele>4.8</ele><time>2026-06-06T23:48:08.000Z</time></trkpt>
<trkpt lat="31.205024577504" lon="121.6419610267063"><ele>4.8</ele><time>2026-06-06T23:48:09.000Z</time></trkpt>
<trkpt lat="31.20500258489129" lon="121.6419630251971"><ele>4.8</ele><time>2026-06-06T23:48:10.000Z</time></trkpt>
<trkpt lat="31.20498159510548" lon="121.6419630269412"><ele>4.8</ele><time>2026-06-06T23:48:11.000Z</time></trkpt>
<trkpt lat="31.20495960414997" lon="121.6419640271002"><ele>4.8</ele><time>2026-06-06T23:48:12.000Z</time></trkpt>
<trkpt lat="31.20493661368129" lon="121.6419650273422"><ele>4.8</ele><time>2026-06-06T23:48:13.000Z</time></trkpt>
<trkpt lat="31.20491361989993" lon="121.6419680242475"><ele>4.8</ele><time>2026-06-06T23:48:14.000Z</time></trkpt>
<trkpt lat="31.20489062280554" lon="121.6419730178157"><ele>4.8</ele><time>2026-06-06T23:48:15.000Z</time></trkpt>
<trkpt lat="31.20486762239754" lon="121.6419800080463"><ele>4.7</ele><time>2026-06-06T23:48:16.000Z</time></trkpt>
<trkpt lat="31.20484462198899" lon="121.6419869982757"><ele>4.7</ele><time>2026-06-06T23:48:17.000Z</time></trkpt>
<trkpt lat="31.2048226194363" lon="121.6419949867521"><ele>4.7</ele><time>2026-06-06T23:48:18.000Z</time></trkpt>
<trkpt lat="31.20480061853999" lon="121.6420019768962"><ele>4.7</ele><time>2026-06-06T23:48:19.000Z</time></trkpt>
<trkpt lat="31.20477961715655" lon="121.6420089669561"><ele>4.7</ele><time>2026-06-06T23:48:20.000Z</time></trkpt>
<trkpt lat="31.20475761625909" lon="121.642015957098"><ele>4.7</ele><time>2026-06-06T23:48:21.000Z</time></trkpt>
<trkpt lat="31.20473661487446" lon="121.6420229471558"><ele>4.7</ele><time>2026-06-06T23:48:22.000Z</time></trkpt>
<trkpt lat="31.20471561348923" lon="121.6420299372125"><ele>4.7</ele><time>2026-06-06T23:48:23.000Z</time></trkpt>
<trkpt lat="31.2046946121034" lon="121.6420369272681"><ele>4.7</ele><time>2026-06-06T23:48:24.000Z</time></trkpt>
<trkpt lat="31.20467561140171" lon="121.6420429188266"><ele>4.7</ele><time>2026-06-06T23:48:25.000Z</time></trkpt>
<trkpt lat="31.20465661069962" lon="121.6420489103842"><ele>4.4</ele><time>2026-06-06T23:48:26.000Z</time></trkpt>
<trkpt lat="31.20463761165539" lon="121.6420539036113"><ele>4.4</ele><time>2026-06-06T23:48:27.000Z</time></trkpt>
<trkpt lat="31.20462060997919" lon="121.6420598950014"><ele>4.4</ele><time>2026-06-06T23:48:28.000Z</time></trkpt>
<trkpt lat="31.20460261044773" lon="121.6420648881442"><ele>4.4</ele><time>2026-06-06T23:48:29.000Z</time></trkpt>
<trkpt lat="31.20458360974418" lon="121.6420708796989"><ele>4.4</ele><time>2026-06-06T23:48:30.000Z</time></trkpt>
<trkpt lat="31.20456461069893" lon="121.6420758729236"><ele>4.4</ele><time>2026-06-06T23:48:31.000Z</time></trkpt>
<trkpt lat="31.20454461048144" lon="121.64208186456"><ele>4.4</ele><time>2026-06-06T23:48:32.000Z</time></trkpt>
<trkpt lat="31.2045236140682" lon="121.6420858596205"><ele>4.4</ele><time>2026-06-06T23:48:33.000Z</time></trkpt>
<trkpt lat="31.20450362214507" lon="121.6420868596106"><ele>4.4</ele><time>2026-06-06T23:48:34.000Z</time></trkpt>
<trkpt lat="31.20448263402691" lon="121.6420858630258"><ele>4.4</ele><time>2026-06-06T23:48:35.000Z</time></trkpt>
<trkpt lat="31.20446265205764" lon="121.6420808730413"><ele>5.1</ele><time>2026-06-06T23:48:36.000Z</time></trkpt>
<trkpt lat="31.20444467409054" lon="121.6420728879023"><ele>5.1</ele><time>2026-06-06T23:48:37.000Z</time></trkpt>
<trkpt lat="31.20442670275623" lon="121.6420609094436"><ele>5.1</ele><time>2026-06-06T23:48:38.000Z</time></trkpt>
<trkpt lat="31.20440973259063" lon="121.6420479325688"><ele>5.1</ele><time>2026-06-06T23:48:39.000Z</time></trkpt>
<trkpt lat="31.20439276573768" lon="121.6420329590298"><ele>5.1</ele><time>2026-06-06T23:48:40.000Z</time></trkpt>
<trkpt lat="31.20437779956426" lon="121.6420169869891"><ele>5.1</ele><time>2026-06-06T23:48:41.000Z</time></trkpt>
<trkpt lat="31.20436283504316" lon="121.6420000166119"><ele>5.1</ele><time>2026-06-06T23:48:42.000Z</time></trkpt>
<trkpt lat="31.20434887334327" lon="121.6419810494824"><ele>5.1</ele><time>2026-06-06T23:48:43.000Z</time></trkpt>
<trkpt lat="31.20433591114946" lon="121.6419620822618"><ele>5.1</ele><time>2026-06-06T23:48:44.000Z</time></trkpt>
<trkpt lat="31.20432294894862" lon="121.6419431150333"><ele>5.1</ele><time>2026-06-06T23:48:45.000Z</time></trkpt>
<trkpt lat="31.20430998839643" lon="121.641923149464"><ele>6</ele><time>2026-06-06T23:48:46.000Z</time></trkpt>
<trkpt lat="31.20429702618114" lon="121.641904182219"><ele>6</ele><time>2026-06-06T23:48:47.000Z</time></trkpt>
<trkpt lat="31.20428306610071" lon="121.6418842167154"><ele>6</ele><time>2026-06-06T23:48:48.000Z</time></trkpt>
<trkpt lat="31.20426910601247" lon="121.6418642512029"><ele>6</ele><time>2026-06-06T23:48:49.000Z</time></trkpt>
<trkpt lat="31.20425614708351" lon="121.641843287264"><ele>6</ele><time>2026-06-06T23:48:50.000Z</time></trkpt>
<trkpt lat="31.20424218863292" lon="121.6418223233983"><ele>6</ele><time>2026-06-06T23:48:51.000Z</time></trkpt>
<trkpt lat="31.20422923133989" lon="121.6418003611042"><ele>6</ele><time>2026-06-06T23:48:52.000Z</time></trkpt>
<trkpt lat="31.20421627569011" lon="121.6417774004635"><ele>6</ele><time>2026-06-06T23:48:53.000Z</time></trkpt>
<trkpt lat="31.20420532070811" lon="121.6417534413084"><ele>6</ele><time>2026-06-06T23:48:54.000Z</time></trkpt>
<trkpt lat="31.20419436736647" lon="121.6417284838033"><ele>6</ele><time>2026-06-06T23:48:55.000Z</time></trkpt>
<trkpt lat="31.20418441352535" lon="121.6417035262012"><ele>6.9</ele><time>2026-06-06T23:48:56.000Z</time></trkpt>
<trkpt lat="31.20417446132257" lon="121.6416775702469"><ele>6.9</ele><time>2026-06-06T23:48:57.000Z</time></trkpt>
<trkpt lat="31.20416550696898" lon="121.6416526125331"><ele>6.9</ele><time>2026-06-06T23:48:58.000Z</time></trkpt>
<trkpt lat="31.20415455357708" lon="121.6416276549713"><ele>6.9</ele><time>2026-06-06T23:48:59.000Z</time></trkpt>
<trkpt lat="31.20414459968563" lon="121.6416026973125"><ele>6.9</ele><time>2026-06-06T23:49:00.000Z</time></trkpt>
<trkpt lat="31.20413364462005" lon="121.641578738063"><ele>6.9</ele><time>2026-06-06T23:49:01.000Z</time></trkpt>
<trkpt lat="31.20412268789466" lon="121.6415557771415"><ele>6.9</ele><time>2026-06-06T23:49:02.000Z</time></trkpt>
<trkpt lat="31.20410973213297" lon="121.6415328163741"><ele>6.9</ele><time>2026-06-06T23:49:03.000Z</time></trkpt>
<trkpt lat="31.20409677306596" lon="121.6415118522786"><ele>6.9</ele><time>2026-06-06T23:49:04.000Z</time></trkpt>
<trkpt lat="31.20408281283033" lon="121.6414918865985"><ele>6.9</ele><time>2026-06-06T23:49:05.000Z</time></trkpt>
<trkpt lat="31.20406885258678" lon="121.6414719209094"><ele>5.8</ele><time>2026-06-06T23:49:06.000Z</time></trkpt>
<trkpt lat="31.20405289001721" lon="121.6414539520638"><ele>5.8</ele><time>2026-06-06T23:49:07.000Z</time></trkpt>
<trkpt lat="31.20403592463667" lon="121.6414379799811"><ele>5.8</ele><time>2026-06-06T23:49:08.000Z</time></trkpt>
<trkpt lat="31.20401795644715" lon="121.6414240046635"><ele>5.8</ele><time>2026-06-06T23:49:09.000Z</time></trkpt>
<trkpt lat="31.2039979842922" lon="121.6414130245401"><ele>5.8</ele><time>2026-06-06T23:49:10.000Z</time></trkpt>
<trkpt lat="31.20397700933194" lon="121.6414040411857"><ele>5.8</ele><time>2026-06-06T23:49:11.000Z</time></trkpt>
<trkpt lat="31.2039550315675" lon="121.6413970546016"><ele>5.8</ele><time>2026-06-06T23:49:12.000Z</time></trkpt>
<trkpt lat="31.20393305544743" lon="121.6413890696716"><ele>5.8</ele><time>2026-06-06T23:49:13.000Z</time></trkpt>
<trkpt lat="31.20391107768167" lon="121.6413820830851"><ele>5.8</ele><time>2026-06-06T23:49:14.000Z</time></trkpt>
<trkpt lat="31.20388909827066" lon="121.6413760948425"><ele>5.8</ele><time>2026-06-06T23:49:15.000Z</time></trkpt>
<trkpt lat="31.20386611934665" lon="121.641370106682"><ele>4.9</ele><time>2026-06-06T23:49:16.000Z</time></trkpt>
<trkpt lat="31.20384313713346" lon="121.6413661152113"><ele>4.9</ele><time>2026-06-06T23:49:17.000Z</time></trkpt>
<trkpt lat="31.20382015163158" lon="121.6413641204307"><ele>4.9</ele><time>2026-06-06T23:49:18.000Z</time></trkpt>
<trkpt lat="31.2037971611968" lon="121.6413651206858"><ele>4.9</ele><time>2026-06-06T23:49:19.000Z</time></trkpt>
<trkpt lat="31.20377416911797" lon="121.6413671192862"><ele>4.9</ele><time>2026-06-06T23:49:20.000Z</time></trkpt>
<trkpt lat="31.2037511737504" lon="121.6413711145767"><ele>4.9</ele><time>2026-06-06T23:49:21.000Z</time></trkpt>
<trkpt lat="31.20372817673829" lon="121.6413761082119"><ele>4.9</ele><time>2026-06-06T23:49:22.000Z</time></trkpt>
<trkpt lat="31.20370517808133" lon="121.6413821001913"><ele>4.9</ele><time>2026-06-06T23:49:23.000Z</time></trkpt>
<trkpt lat="31.20368217777915" lon="121.6413890905147"><ele>4.9</ele><time>2026-06-06T23:49:24.000Z</time></trkpt>
<trkpt lat="31.20365817796393" lon="121.6413960809199"><ele>4.9</ele><time>2026-06-06T23:49:25.000Z</time></trkpt>
<trkpt lat="31.20363517930587" lon="121.6414020728967"><ele>4.6</ele><time>2026-06-06T23:49:26.000Z</time></trkpt>
<trkpt lat="31.20361117948974" lon="121.6414090632999"><ele>4.6</ele><time>2026-06-06T23:49:27.000Z</time></trkpt>
<trkpt lat="31.20358718131856" lon="121.641415055358"><ele>4.6</ele><time>2026-06-06T23:49:28.000Z</time></trkpt>
<trkpt lat="31.20356417936835" lon="121.64142304402"><ele>4.6</ele><time>2026-06-06T23:49:29.000Z</time></trkpt>
<trkpt lat="31.2035421752839" lon="121.6414320309414"><ele>4.6</ele><time>2026-06-06T23:49:30.000Z</time></trkpt>
<trkpt lat="31.20351916839381" lon="121.6414430146309"><ele>4.6</ele><time>2026-06-06T23:49:31.000Z</time></trkpt>
<trkpt lat="31.20349715936782" lon="121.6414549965779"><ele>4.6</ele><time>2026-06-06T23:49:32.000Z</time></trkpt>
<trkpt lat="31.20347514869279" lon="121.6414679768645"><ele>4.6</ele><time>2026-06-06T23:49:33.000Z</time></trkpt>
<trkpt lat="31.20345313636795" lon="121.64148195549"><ele>4.6</ele><time>2026-06-06T23:49:34.000Z</time></trkpt>
<trkpt lat="31.20343113556875" lon="121.6414889457145"><ele>4.6</ele><time>2026-06-06T23:49:35.000Z</time></trkpt>
<trkpt lat="31.20341214318804" lon="121.6414899456347"><ele>4.3</ele><time>2026-06-06T23:49:36.000Z</time></trkpt>
<trkpt lat="31.20339315574852" lon="121.6414879505276"><ele>4.3</ele><time>2026-06-06T23:49:37.000Z</time></trkpt>
<trkpt lat="31.20337317044384" lon="121.6414849571609"><ele>4.3</ele><time>2026-06-06T23:49:38.000Z</time></trkpt>
<trkpt lat="31.20335418465155" lon="121.641481963711"><ele>4.3</ele><time>2026-06-06T23:49:39.000Z</time></trkpt>
<trkpt lat="31.20333418946627" lon="121.6414849603995"><ele>4.3</ele><time>2026-06-06T23:49:40.000Z</time></trkpt>
<trkpt lat="31.20331317994568" lon="121.6414969422521"><ele>4.3</ele><time>2026-06-06T23:49:41.000Z</time></trkpt>
<trkpt lat="31.2032911676156" lon="121.6415109208684"><ele>4.3</ele><time>2026-06-06T23:49:42.000Z</time></trkpt>
<trkpt lat="31.20327115101092" lon="121.6415268959974"><ele>4.3</ele><time>2026-06-06T23:49:43.000Z</time></trkpt>
<trkpt lat="31.2032501381853" lon="121.6415408745213"><ele>4.3</ele><time>2026-06-06T23:49:44.000Z</time></trkpt>
<trkpt lat="31.20322812749223" lon="121.6415538547827"><ele>4.3</ele><time>2026-06-06T23:49:45.000Z</time></trkpt>
<trkpt lat="31.20320612009317" lon="121.641564838359"><ele>5.1</ele><time>2026-06-06T23:49:46.000Z</time></trkpt>
<trkpt lat="31.20318411434078" lon="121.6415748235921"><ele>5.1</ele><time>2026-06-06T23:49:47.000Z</time></trkpt>
<trkpt lat="31.20316111072356" lon="121.6415838105656"><ele>5.1</ele><time>2026-06-06T23:49:48.000Z</time></trkpt>
<trkpt lat="31.2031401061293" lon="121.6415927973713"><ele>5.1</ele><time>2026-06-06T23:49:49.000Z</time></trkpt>
<trkpt lat="31.20311810037247" lon="121.6416027825981"><ele>5.1</ele><time>2026-06-06T23:49:50.000Z</time></trkpt>
<trkpt lat="31.20309609461404" lon="121.6416127678226"><ele>5.1</ele><time>2026-06-06T23:49:51.000Z</time></trkpt>
<trkpt lat="31.20307509001566" lon="121.6416217546224"><ele>5.1</ele><time>2026-06-06T23:49:52.000Z</time></trkpt>
<trkpt lat="31.20305308425419" lon="121.6416317398427"><ele>5.1</ele><time>2026-06-06T23:49:53.000Z</time></trkpt>
<trkpt lat="31.20303007897914" lon="121.6416417251437"><ele>5.1</ele><time>2026-06-06T23:49:54.000Z</time></trkpt>
<trkpt lat="31.20300907107619" lon="121.6416527086152"><ele>5.1</ele><time>2026-06-06T23:49:55.000Z</time></trkpt>
<trkpt lat="31.20298806152068" lon="121.6416646904225"><ele>5.2</ele><time>2026-06-06T23:49:56.000Z</time></trkpt>
<trkpt lat="31.20296804817307" lon="121.6416786688199"><ele>5.2</ele><time>2026-06-06T23:49:57.000Z</time></trkpt>
<trkpt lat="31.2029490310316" lon="121.6416946438055"><ele>5.2</ele><time>2026-06-06T23:49:58.000Z</time></trkpt>
<trkpt lat="31.2029320096062" lon="121.6417126152942"><ele>5.2</ele><time>2026-06-06T23:49:59.000Z</time></trkpt>
<trkpt lat="31.20291498652273" lon="121.6417315851126"><ele>5.2</ele><time>2026-06-06T23:50:00.000Z</time></trkpt>
<trkpt lat="31.2028989612919" lon="121.6417515531764"><ele>5.2</ele><time>2026-06-06T23:50:01.000Z</time></trkpt>
<trkpt lat="31.20288493342435" lon="121.6417725194013"><ele>5.2</ele><time>2026-06-06T23:50:02.000Z</time></trkpt>
<trkpt lat="31.20287290291875" lon="121.6417944837858"><ele>5.2</ele><time>2026-06-06T23:50:03.000Z</time></trkpt>
<trkpt lat="31.20286286812015" lon="121.6418184446635"><ele>5.2</ele><time>2026-06-06T23:50:04.000Z</time></trkpt>
<trkpt lat="31.20285583184564" lon="121.6418424052793"><ele>5.2</ele><time>2026-06-06T23:50:05.000Z</time></trkpt>
<trkpt lat="31.2028507929288" lon="121.64186736405"><ele>4.9</ele><time>2026-06-06T23:50:06.000Z</time></trkpt>
<trkpt lat="31.20284775136811" lon="121.6418933209741"><ele>4.9</ele><time>2026-06-06T23:50:07.000Z</time></trkpt>
<trkpt lat="31.20284471144955" lon="121.6419182795504"><ele>4.9</ele><time>2026-06-06T23:50:08.000Z</time></trkpt>
<trkpt lat="31.2028416698625" lon="121.641944236445"><ele>4.9</ele><time>2026-06-06T23:50:09.000Z</time></trkpt>
<trkpt lat="31.2028366292384" lon="121.6419701934907"><ele>4.9</ele><time>2026-06-06T23:50:10.000Z</time></trkpt>
<trkpt lat="31.20283258811272" lon="121.6419961504384"><ele>4.9</ele><time>2026-06-06T23:50:11.000Z</time></trkpt>
<trkpt lat="31.20282754911946" lon="121.6420211091235"><ele>4.9</ele><time>2026-06-06T23:50:12.000Z</time></trkpt>
<trkpt lat="31.20282450913745" lon="121.6420460676288"><ele>4.9</ele><time>2026-06-06T23:50:13.000Z</time></trkpt>
<trkpt lat="31.2028224686549" lon="121.6420710260372"><ele>4.9</ele><time>2026-06-06T23:50:14.000Z</time></trkpt>
<trkpt lat="31.20282242718359" lon="121.6420959842656"><ele>4.9</ele><time>2026-06-06T23:50:15.000Z</time></trkpt>
<trkpt lat="31.20282538257576" lon="121.6421219405594"><ele>4.9</ele><time>2026-06-06T23:50:16.000Z</time></trkpt>
<trkpt lat="31.20283033697822" lon="121.6421478966722"><ele>4.9</ele><time>2026-06-06T23:50:17.000Z</time></trkpt>
<trkpt lat="31.20283229283193" lon="121.6421738530192"><ele>4.9</ele><time>2026-06-06T23:50:18.000Z</time></trkpt>
<trkpt lat="31.20283025394733" lon="121.6421978130304"><ele>4.9</ele><time>2026-06-06T23:50:19.000Z</time></trkpt>
<trkpt lat="31.20282322081549" lon="121.6422197767919"><ele>4.9</ele><time>2026-06-06T23:50:20.000Z</time></trkpt>
<trkpt lat="31.2028111934391" lon="121.6422397443067"><ele>4.9</ele><time>2026-06-06T23:50:21.000Z</time></trkpt>
<trkpt lat="31.20279816488084" lon="121.6422607102211"><ele>4.9</ele><time>2026-06-06T23:50:22.000Z</time></trkpt>
<trkpt lat="31.2027891310356" lon="121.642283672443"><ele>4.9</ele><time>2026-06-06T23:50:23.000Z</time></trkpt>
<trkpt lat="31.20278509307567" lon="121.6423076325623"><ele>4.9</ele><time>2026-06-06T23:50:24.000Z</time></trkpt>
<trkpt lat="31.20278704718378" lon="121.6423345871415"><ele>4.9</ele><time>2026-06-06T23:50:25.000Z</time></trkpt>
<trkpt lat="31.20279499668397" lon="121.6423625395295"><ele>5</ele><time>2026-06-06T23:50:26.000Z</time></trkpt>
<trkpt lat="31.20280494852221" lon="121.6423884950894"><ele>5</ele><time>2026-06-06T23:50:27.000Z</time></trkpt>
<trkpt lat="31.20281790387873" lon="121.6424114554197"><ele>5</ele><time>2026-06-06T23:50:28.000Z</time></trkpt>
<trkpt lat="31.20283386275767" lon="121.6424314205249"><ele>5</ele><time>2026-06-06T23:50:29.000Z</time></trkpt>
<trkpt lat="31.20285182731686" lon="121.6424473921709"><ele>5</ele><time>2026-06-06T23:50:30.000Z</time></trkpt>
<trkpt lat="31.20287179756014" lon="121.6424593703618"><ele>5</ele><time>2026-06-06T23:50:31.000Z</time></trkpt>
<trkpt lat="31.20289377015758" lon="121.6424693517422"><ele>5</ele><time>2026-06-06T23:50:32.000Z</time></trkpt>
<trkpt lat="31.2029157544194" lon="121.6424723448769"><ele>5</ele><time>2026-06-06T23:50:33.000Z</time></trkpt>
<trkpt lat="31.20293774534751" lon="121.642471344729"><ele>5</ele><time>2026-06-06T23:50:34.000Z</time></trkpt>
<trkpt lat="31.20295873176462" lon="121.642473339626"><ele>5</ele><time>2026-06-06T23:50:35.000Z</time></trkpt>
<trkpt lat="31.20297771249179" lon="121.6424793279709"><ele>5.4</ele><time>2026-06-06T23:50:36.000Z</time></trkpt>
<trkpt lat="31.20299468752751" lon="121.6424893097622"><ele>5.4</ele><time>2026-06-06T23:50:37.000Z</time></trkpt>
<trkpt lat="31.20300965353514" lon="121.6425052816371"><ele>5.4</ele><time>2026-06-06T23:50:38.000Z</time></trkpt>
<trkpt lat="31.20302360835339" lon="121.6425282418256"><ele>5.4</ele><time>2026-06-06T23:50:39.000Z</time></trkpt>
<trkpt lat="31.20303556413756" lon="121.6425512021687"><ele>5.4</ele><time>2026-06-06T23:50:40.000Z</time></trkpt>
<trkpt lat="31.20304752158005" lon="121.6425731641819"><ele>5.4</ele><time>2026-06-06T23:50:41.000Z</time></trkpt>
<trkpt lat="31.20305947567545" lon="121.6425971228204"><ele>5.4</ele><time>2026-06-06T23:50:42.000Z</time></trkpt>
<trkpt lat="31.20307143142919" lon="121.642620083129"><ele>5.4</ele><time>2026-06-06T23:50:43.000Z</time></trkpt>
<trkpt lat="31.20308238766077" lon="121.6426430435093"><ele>5.4</ele><time>2026-06-06T23:50:44.000Z</time></trkpt>
<trkpt lat="31.20309334221195" lon="121.6426670021945"><ele>5.4</ele><time>2026-06-06T23:50:45.000Z</time></trkpt>
<trkpt lat="31.20310429508135" lon="121.642691959183"><ele>5</ele><time>2026-06-06T23:50:46.000Z</time></trkpt>
<trkpt lat="31.20311425009795" lon="121.6427159179258"><ele>5</ele><time>2026-06-06T23:50:47.000Z</time></trkpt>
<trkpt lat="31.20312420176011" lon="121.6427418732858"><ele>5</ele><time>2026-06-06T23:50:48.000Z</time></trkpt>
<trkpt lat="31.20313415340932" lon="121.6427678286311"><ele>5</ele><time>2026-06-06T23:50:49.000Z</time></trkpt>
<trkpt lat="31.20314310553352" lon="121.6427937840449"><ele>5</ele><time>2026-06-06T23:50:50.000Z</time></trkpt>
<trkpt lat="31.20315005862063" lon="121.6428197396104"><ele>5</ele><time>2026-06-06T23:50:51.000Z</time></trkpt>
<trkpt lat="31.20315501099688" lon="121.6428466936399"><ele>5</ele><time>2026-06-06T23:50:52.000Z</time></trkpt>
<trkpt lat="31.20315596363654" lon="121.6428746462979"><ele>5</ele><time>2026-06-06T23:50:53.000Z</time></trkpt>
<trkpt lat="31.20315391605009" lon="121.6429035974996"><ele>5</ele><time>2026-06-06T23:50:54.000Z</time></trkpt>
<trkpt lat="31.20314987109876" lon="121.6429315505388"><ele>5</ele><time>2026-06-06T23:50:55.000Z</time></trkpt>
<trkpt lat="31.20314382710829" lon="121.6429595037274"><ele>3.9</ele><time>2026-06-06T23:50:56.000Z</time></trkpt>
<trkpt lat="31.20313478456666" lon="121.6429874571485"><ele>3.9</ele><time>2026-06-06T23:50:57.000Z</time></trkpt>
<trkpt lat="31.2031257436871" lon="121.6430144122439"><ele>3.9</ele><time>2026-06-06T23:50:58.000Z</time></trkpt>
<trkpt lat="31.2031147037696" lon="121.6430413674899"><ele>3.9</ele><time>2026-06-06T23:50:59.000Z</time></trkpt>
<trkpt lat="31.20310366551628" lon="121.6430673244127"><ele>3.9</ele><time>2026-06-06T23:51:00.000Z</time></trkpt>
<trkpt lat="31.20309063326146" lon="121.6430902865656"><ele>3.9</ele><time>2026-06-06T23:51:01.000Z</time></trkpt>
<trkpt lat="31.20307760099671" lon="121.6431132487072"><ele>3.9</ele><time>2026-06-06T23:51:02.000Z</time></trkpt>
<trkpt lat="31.2030615752238" lon="121.6431332161678"><ele>3.9</ele><time>2026-06-06T23:51:03.000Z</time></trkpt>
<trkpt lat="31.20304355545825" lon="121.6431501888681"><ele>3.9</ele><time>2026-06-06T23:51:04.000Z</time></trkpt>
<trkpt lat="31.20302454289486" lon="121.6431631684227"><ele>3.9</ele><time>2026-06-06T23:51:05.000Z</time></trkpt>
<trkpt lat="31.20300453249664" lon="121.6431751497514"><ele>3.6</ele><time>2026-06-06T23:51:06.000Z</time></trkpt>
<trkpt lat="31.20298352930492" lon="121.643183137939"><ele>3.6</ele><time>2026-06-06T23:51:07.000Z</time></trkpt>
<trkpt lat="31.20296252947298" lon="121.6431891295149"><ele>3.6</ele><time>2026-06-06T23:51:08.000Z</time></trkpt>
<trkpt lat="31.20294053180922" lon="121.6431941228681"><ele>3.6</ele><time>2026-06-06T23:51:09.000Z</time></trkpt>
<trkpt lat="31.20291853750629" lon="121.6431971196108"><ele>3.6</ele><time>2026-06-06T23:51:10.000Z</time></trkpt>
<trkpt lat="31.20289554369174" lon="121.6432001164363"><ele>3.6</ele><time>2026-06-06T23:51:11.000Z</time></trkpt>
<trkpt lat="31.20287354770874" lon="121.6432041114835"><ele>3.6</ele><time>2026-06-06T23:51:12.000Z</time></trkpt>
<trkpt lat="31.20285155004517" lon="121.6432091048352"><ele>3.6</ele><time>2026-06-06T23:51:13.000Z</time></trkpt>
<trkpt lat="31.20282954901997" lon="121.6432160947955"><ele>3.6</ele><time>2026-06-06T23:51:14.000Z</time></trkpt>
<trkpt lat="31.20280954365593" lon="121.6432250811976"><ele>3.6</ele><time>2026-06-06T23:51:15.000Z</time></trkpt>
<trkpt lat="31.20278853541658" lon="121.6432360642894"><ele>3.4</ele><time>2026-06-06T23:51:16.000Z</time></trkpt>
<trkpt lat="31.20276852668708" lon="121.6432470472956"><ele>3.4</ele><time>2026-06-06T23:51:17.000Z</time></trkpt>
<trkpt lat="31.2027485145924" lon="121.6432600269067"><ele>3.4</ele><time>2026-06-06T23:51:18.000Z</time></trkpt>
<trkpt lat="31.20272850249484" lon="121.6432730065142"><ele>3.4</ele><time>2026-06-06T23:51:19.000Z</time></trkpt>
<trkpt lat="31.20270948990614" lon="121.6432859860351"><ele>3.4</ele><time>2026-06-06T23:51:20.000Z</time></trkpt>
<trkpt lat="31.20269147346147" lon="121.643300962075"><ele>3.4</ele><time>2026-06-06T23:51:21.000Z</time></trkpt>
<trkpt lat="31.20267345701283" lon="121.6433159381102"><ele>3.4</ele><time>2026-06-06T23:51:22.000Z</time></trkpt>
<trkpt lat="31.20265644007188" lon="121.6433309140577"><ele>3.4</ele><time>2026-06-06T23:51:23.000Z</time></trkpt>
<trkpt lat="31.20263941807708" lon="121.6433488849059"><ele>3.4</ele><time>2026-06-06T23:51:24.000Z</time></trkpt>
<trkpt lat="31.20262339558805" lon="121.6433668556642"><ele>3.4</ele><time>2026-06-06T23:51:25.000Z</time></trkpt>
<trkpt lat="31.20260637189752" lon="121.6433858247999"><ele>3</ele><time>2026-06-06T23:51:26.000Z</time></trkpt>
<trkpt lat="31.20259034602767" lon="121.6434057921455"><ele>3</ele><time>2026-06-06T23:51:27.000Z</time></trkpt>
<trkpt lat="31.20257531797735" lon="121.6434267576999"><ele>3</ele><time>2026-06-06T23:51:28.000Z</time></trkpt>
<trkpt lat="31.20256128774535" lon="121.6434487214617"><ele>3</ele><time>2026-06-06T23:51:29.000Z</time></trkpt>
<trkpt lat="31.2025482553304" lon="121.6434716834295"><ele>3</ele><time>2026-06-06T23:51:30.000Z</time></trkpt>
<trkpt lat="31.20253622241723" lon="121.6434946453032"><ele>3</ele><time>2026-06-06T23:51:31.000Z</time></trkpt>
<trkpt lat="31.20252518900584" lon="121.6435176070828"><ele>3</ele><time>2026-06-06T23:51:32.000Z</time></trkpt>
<trkpt lat="31.2025161512339" lon="121.6435425652807"><ele>3</ele><time>2026-06-06T23:51:33.000Z</time></trkpt>
<trkpt lat="31.20250811296188" lon="121.6435675233825"><ele>3</ele><time>2026-06-06T23:51:34.000Z</time></trkpt>
<trkpt lat="31.20250107587767" lon="121.6435914830915"><ele>3</ele><time>2026-06-06T23:51:35.000Z</time></trkpt>
<trkpt lat="31.20249403540609" lon="121.643617439381"><ele>3.2</ele><time>2026-06-06T23:51:36.000Z</time></trkpt>
<trkpt lat="31.2024879961223" lon="121.6436423972776"><ele>3.2</ele><time>2026-06-06T23:51:37.000Z</time></trkpt>
<trkpt lat="31.20248195682691" lon="121.6436673551613"><ele>3.2</ele><time>2026-06-06T23:51:38.000Z</time></trkpt>
<trkpt lat="31.20247591583017" lon="121.6436933113266"><ele>3.2</ele><time>2026-06-06T23:51:39.000Z</time></trkpt>
<trkpt lat="31.20247087602266" lon="121.6437182691008"><ele>3.2</ele><time>2026-06-06T23:51:40.000Z</time></trkpt>
<trkpt lat="31.20246483669205" lon="121.6437432269451"><ele>3.2</ele><time>2026-06-06T23:51:41.000Z</time></trkpt>
<trkpt lat="31.20245979517022" lon="121.6437691829865"><ele>3.2</ele><time>2026-06-06T23:51:42.000Z</time></trkpt>
<trkpt lat="31.2024547536359" lon="121.6437951390138"><ele>3.2</ele><time>2026-06-06T23:51:43.000Z</time></trkpt>
<trkpt lat="31.20245071329272" lon="121.6438200966522"><ele>3.2</ele><time>2026-06-06T23:51:44.000Z</time></trkpt>
<trkpt lat="31.2024476707569" lon="121.6438460524861"><ele>3.2</ele><time>2026-06-06T23:51:45.000Z</time></trkpt>
<trkpt lat="31.2024456277201" lon="121.643872008223"><ele>3.4</ele><time>2026-06-06T23:51:46.000Z</time></trkpt>
<trkpt lat="31.20244458418232" lon="121.6438979638629"><ele>3.4</ele><time>2026-06-06T23:51:47.000Z</time></trkpt>
<trkpt lat="31.20244554134911" lon="121.6439229210328"><ele>3.4</ele><time>2026-06-06T23:51:48.000Z</time></trkpt>
<trkpt lat="31.2024464968099" lon="121.6439488764793"><ele>3.4</ele><time>2026-06-06T23:51:49.000Z</time></trkpt>
<trkpt lat="31.20244845346472" lon="121.64397383354"><ele>3.4</ele><time>2026-06-06T23:51:50.000Z</time></trkpt>
<trkpt lat="31.20245241082647" lon="121.6439977921335"><ele>3.4</ele><time>2026-06-06T23:51:51.000Z</time></trkpt>
<trkpt lat="31.20245736599333" lon="121.6440227489198"><ele>3.4</ele><time>2026-06-06T23:51:52.000Z</time></trkpt>
<trkpt lat="31.20246432017175" lon="121.6440477055272"><ele>3.4</ele><time>2026-06-06T23:51:53.000Z</time></trkpt>
<trkpt lat="31.20247327675531" lon="121.6440706653821"><ele>3.4</ele><time>2026-06-06T23:51:54.000Z</time></trkpt>
<trkpt lat="31.20248523186383" lon="121.6440936249769"><ele>3.4</ele><time>2026-06-06T23:51:55.000Z</time></trkpt>
<trkpt lat="31.20249719035792" lon="121.644114587989"><ele>3.7</ele><time>2026-06-06T23:51:56.000Z</time></trkpt>
<trkpt lat="31.20251015005353" lon="121.6441345526236"><ele>3.7</ele><time>2026-06-06T23:51:57.000Z</time></trkpt>
<trkpt lat="31.20252411095181" lon="121.6441535188817"><ele>3.7</ele><time>2026-06-06T23:51:58.000Z</time></trkpt>
<trkpt lat="31.20253807524081" lon="121.644170488563"><ele>3.7</ele><time>2026-06-06T23:51:59.000Z</time></trkpt>
<trkpt lat="31.20255304073516" lon="121.6441864598709"><ele>3.7</ele><time>2026-06-06T23:52:00.000Z</time></trkpt>
<trkpt lat="31.20256800962328" lon="121.6442004346051"><ele>3.7</ele><time>2026-06-06T23:52:01.000Z</time></trkpt>
<trkpt lat="31.20258497753124" lon="121.6442144091693"><ele>3.7</ele><time>2026-06-06T23:52:02.000Z</time></trkpt>
<trkpt lat="31.20260194713548" lon="121.6442273854458"><ele>3.7</ele><time>2026-06-06T23:52:03.000Z</time></trkpt>
<trkpt lat="31.20261991794835" lon="121.6442393633524"><ele>3.7</ele><time>2026-06-06T23:52:04.000Z</time></trkpt>
<trkpt lat="31.20263888997055" lon="121.6442503428898"><ele>3.7</ele><time>2026-06-06T23:52:05.000Z</time></trkpt>
<trkpt lat="31.20265886320273" lon="121.6442603240587"><ele>4.4</ele><time>2026-06-06T23:52:06.000Z</time></trkpt>
<trkpt lat="31.20267783522135" lon="121.6442713035914"><ele>4.4</ele><time>2026-06-06T23:52:07.000Z</time></trkpt>
<trkpt lat="31.20269580602576" lon="121.6442832814873"><ele>4.4</ele><time>2026-06-06T23:52:08.000Z</time></trkpt>
<trkpt lat="31.20271177440269" lon="121.6442972561109"><ele>4.4</ele><time>2026-06-06T23:52:09.000Z</time></trkpt>
<trkpt lat="31.2027267381611" lon="121.6443142256594"><ele>4.4</ele><time>2026-06-06T23:52:10.000Z</time></trkpt>
<trkpt lat="31.20273969778645" lon="121.6443341902127"><ele>4.4</ele><time>2026-06-06T23:52:11.000Z</time></trkpt>
<trkpt lat="31.2027516544891" lon="121.6443561514031"><ele>4.4</ele><time>2026-06-06T23:52:12.000Z</time></trkpt>
<trkpt lat="31.20276260996901" lon="121.6443791109474"><ele>4.4</ele><time>2026-06-06T23:52:13.000Z</time></trkpt>
<trkpt lat="31.20277256422492" lon="121.6444030688443"><ele>4.4</ele><time>2026-06-06T23:52:14.000Z</time></trkpt>
<trkpt lat="31.20278251847052" lon="121.6444270267295"><ele>4.4</ele><time>2026-06-06T23:52:15.000Z</time></trkpt>
<trkpt lat="31.20279247270581" lon="121.6444509846032"><ele>5.5</ele><time>2026-06-06T23:52:16.000Z</time></trkpt>
<trkpt lat="31.2028024269308" lon="121.6444749424653"><ele>5.5</ele><time>2026-06-06T23:52:17.000Z</time></trkpt>
<trkpt lat="31.20281238285002" lon="121.6444979020376"><ele>5.5</ele><time>2026-06-06T23:52:18.000Z</time></trkpt>
<trkpt lat="31.20282233705488" lon="121.6445218598771"><ele>5.5</ele><time>2026-06-06T23:52:19.000Z</time></trkpt>
<trkpt lat="31.20283329417198" lon="121.6445438210675"><ele>5.5</ele><time>2026-06-06T23:52:20.000Z</time></trkpt>
<trkpt lat="31.2028432483572" lon="121.6445677788848"><ele>5.5</ele><time>2026-06-06T23:52:21.000Z</time></trkpt>
<trkpt lat="31.20285420375018" lon="121.6445907383312"><ele>5.5</ele><time>2026-06-06T23:52:22.000Z</time></trkpt>
<trkpt lat="31.20286315840352" lon="121.6446146962091"><ele>5.5</ele><time>2026-06-06T23:52:23.000Z</time></trkpt>
<trkpt lat="31.20287311255845" lon="121.6446386539925"><ele>5.5</ele><time>2026-06-06T23:52:24.000Z</time></trkpt>
<trkpt lat="31.20288306670318" lon="121.6446626117643"><ele>5.5</ele><time>2026-06-06T23:52:25.000Z</time></trkpt>
<trkpt lat="31.20289202132583" lon="121.6446865696078"><ele>5.9</ele><time>2026-06-06T23:52:26.000Z</time></trkpt>
<trkpt lat="31.20290197374183" lon="121.6447115256306"><ele>5.9</ele><time>2026-06-06T23:52:27.000Z</time></trkpt>
<trkpt lat="31.20291192614678" lon="121.644736481641"><ele>5.9</ele><time>2026-06-06T23:52:28.000Z</time></trkpt>
<trkpt lat="31.20292088073799" lon="121.6447604394492"><ele>5.9</ele><time>2026-06-06T23:52:29.000Z</time></trkpt>
<trkpt lat="31.20293083654055" lon="121.6447833988904"><ele>5.9</ele><time>2026-06-06T23:52:30.000Z</time></trkpt>
<trkpt lat="31.20294079062376" lon="121.6448073565931"><ele>5.9</ele><time>2026-06-06T23:52:31.000Z</time></trkpt>
<trkpt lat="31.20294874738346" lon="121.6448303161791"><ele>5.9</ele><time>2026-06-06T23:52:32.000Z</time></trkpt>
<trkpt lat="31.20295570462191" lon="121.6448532758377"><ele>5.9</ele><time>2026-06-06T23:52:33.000Z</time></trkpt>
<trkpt lat="31.20296166062783" lon="121.6448772338397"><ele>5.9</ele><time>2026-06-06T23:52:34.000Z</time></trkpt>
<trkpt lat="31.20296461466437" lon="121.6449031886198"><ele>5.9</ele><time>2026-06-06T23:52:35.000Z</time></trkpt>
<trkpt lat="31.20296556966511" lon="121.6449291435528"><ele>4.5</ele><time>2026-06-06T23:52:36.000Z</time></trkpt>
<trkpt lat="31.20296452563006" lon="121.6449550986388"><ele>4.5</ele><time>2026-06-06T23:52:37.000Z</time></trkpt>
<trkpt lat="31.20296148427235" lon="121.6449800556091"><ele>4.5</ele><time>2026-06-06T23:52:38.000Z</time></trkpt>
<trkpt lat="31.20295844119008" lon="121.6450060108353"><ele>4.5</ele><time>2026-06-06T23:52:39.000Z</time></trkpt>
<trkpt lat="31.20295639760784" lon="121.645031965965"><ele>4.5</ele><time>2026-06-06T23:52:40.000Z</time></trkpt>
<trkpt lat="31.20295535524009" lon="121.6450569227314"><ele>4.5</ele><time>2026-06-06T23:52:41.000Z</time></trkpt>
<trkpt lat="31.2029563118852" lon="121.6450818793193"><ele>4.5</ele><time>2026-06-06T23:52:42.000Z</time></trkpt>
<trkpt lat="31.20295926582785" lon="121.645107833995"><ele>4.5</ele><time>2026-06-06T23:52:43.000Z</time></trkpt>
<trkpt lat="31.20296322098637" lon="121.6451327903087"><ele>4.5</ele><time>2026-06-06T23:52:44.000Z</time></trkpt>
<trkpt lat="31.20297017466975" lon="121.6451577463609"><ele>4.5</ele><time>2026-06-06T23:52:45.000Z</time></trkpt>
<trkpt lat="31.20297712834224" lon="121.6451827024009"><ele>4.2</ele><time>2026-06-06T23:52:46.000Z</time></trkpt>
<trkpt lat="31.20298608274482" lon="121.6452066599985"><ele>4.2</ele><time>2026-06-06T23:52:47.000Z</time></trkpt>
<trkpt lat="31.20299603664936" lon="121.6452306175017"><ele>4.2</ele><time>2026-06-06T23:52:48.000Z</time></trkpt>
<trkpt lat="31.20300699177382" lon="121.6452535766473"><ele>4.2</ele><time>2026-06-06T23:52:49.000Z</time></trkpt>
<trkpt lat="31.20301894983768" lon="121.645274539174"><ele>4.2</ele><time>2026-06-06T23:52:50.000Z</time></trkpt>
<trkpt lat="31.20303390986717" lon="121.6452935049178"><ele>4.2</ele><time>2026-06-06T23:52:51.000Z</time></trkpt>
<trkpt lat="31.20305087750896" lon="121.6453074791776"><ele>4.2</ele><time>2026-06-06T23:52:52.000Z</time></trkpt>
<trkpt lat="31.20306985620476" lon="121.6453144654335"><ele>4.2</ele><time>2026-06-06T23:52:53.000Z</time></trkpt>
<trkpt lat="31.20309084423825" lon="121.6453154619502"><ele>4.2</ele><time>2026-06-06T23:52:54.000Z</time></trkpt>
<trkpt lat="31.20311284209778" lon="121.6453104688112"><ele>4.2</ele><time>2026-06-06T23:52:55.000Z</time></trkpt>
<trkpt lat="31.20313385075772" lon="121.6452994861811"><ele>4.6</ele><time>2026-06-06T23:52:56.000Z</time></trkpt>
<trkpt lat="31.20315386162234" lon="121.6452875053692"><ele>4.6</ele><time>2026-06-06T23:52:57.000Z</time></trkpt>
<trkpt lat="31.20317187517887" lon="121.6452745264579"><ele>4.6</ele><time>2026-06-06T23:52:58.000Z</time></trkpt>
<trkpt lat="31.20319088996287" lon="121.6452605491971"><ele>4.6</ele><time>2026-06-06T23:52:59.000Z</time></trkpt>
<trkpt lat="31.20320890866714" lon="121.6452445754889"><ele>4.6</ele><time>2026-06-06T23:53:00.000Z</time></trkpt>
<trkpt lat="31.20322692736722" lon="121.6452286017757"><ele>4.6</ele><time>2026-06-06T23:53:01.000Z</time></trkpt>
<trkpt lat="31.20324494778028" lon="121.6452116297935"><ele>4.6</ele><time>2026-06-06T23:53:02.000Z</time></trkpt>
<trkpt lat="31.20326097259793" lon="121.645192661443"><ele>4.6</ele><time>2026-06-06T23:53:03.000Z</time></trkpt>
<trkpt lat="31.2032759996138" lon="121.6451726949039"><ele>4.6</ele><time>2026-06-06T23:53:04.000Z</time></trkpt>
<trkpt lat="31.2032900288268" lon="121.6451517301749"><ele>4.6</ele><time>2026-06-06T23:53:05.000Z</time></trkpt>
<trkpt lat="31.2033030619515" lon="121.6451287689892"><ele>4.4</ele><time>2026-06-06T23:53:06.000Z</time></trkpt>
<trkpt lat="31.20331309824574" lon="121.6451048097763"><ele>4.4</ele><time>2026-06-06T23:53:07.000Z</time></trkpt>
<trkpt lat="31.20332413404218" lon="121.6450808504691"><ele>4.4</ele><time>2026-06-06T23:53:08.000Z</time></trkpt>
<trkpt lat="31.20333417203084" lon="121.6450558929666"><ele>4.4</ele><time>2026-06-06T23:53:09.000Z</time></trkpt>
<trkpt lat="31.20334421000859" lon="121.645030935452"><ele>4.4</ele><time>2026-06-06T23:53:10.000Z</time></trkpt>
<trkpt lat="31.20335524406054" lon="121.6450079743781"><ele>4.4</ele><time>2026-06-06T23:53:11.000Z</time></trkpt>
<trkpt lat="31.20336827198816" lon="121.6449880079331"><ele>4.4</ele><time>2026-06-06T23:53:12.000Z</time></trkpt>
<trkpt lat="31.20338428988104" lon="121.6449730325747"><ele>4.4</ele><time>2026-06-06T23:53:13.000Z</time></trkpt>
<trkpt lat="31.20340129529304" lon="121.6449650450115"><ele>4.4</ele><time>2026-06-06T23:53:14.000Z</time></trkpt>
<trkpt lat="31.20342129067738" lon="121.6449620485426"><ele>4.4</ele><time>2026-06-06T23:53:15.000Z</time></trkpt>
<trkpt lat="31.20344227529753" lon="121.6449650416041"><ele>3.9</ele><time>2026-06-06T23:53:16.000Z</time></trkpt>
<trkpt lat="31.20346425429149" lon="121.6449710293887"><ele>3.9</ele><time>2026-06-06T23:53:17.000Z</time></trkpt>
<trkpt lat="31.20348522692053" lon="121.6449810103301"><ele>3.9</ele><time>2026-06-06T23:53:18.000Z</time></trkpt>
<trkpt lat="31.2035052000358" lon="121.6449909913526"><ele>3.9</ele><time>2026-06-06T23:53:19.000Z</time></trkpt>
<trkpt lat="31.20352617094855" lon="121.6450019705582"><ele>3.9</ele><time>2026-06-06T23:53:20.000Z</time></trkpt>
<trkpt lat="31.20354614234714" lon="121.6450129498445"><ele>3.9</ele><time>2026-06-06T23:53:21.000Z</time></trkpt>
<trkpt lat="31.20356711668406" lon="121.6450219325099"><ele>3.9</ele><time>2026-06-06T23:53:22.000Z</time></trkpt>
<trkpt lat="31.20358809273391" lon="121.6450299169061"><ele>3.9</ele><time>2026-06-06T23:53:23.000Z</time></trkpt>
<trkpt lat="31.2036090722112" lon="121.6450359047661"><ele>3.9</ele><time>2026-06-06T23:53:24.000Z</time></trkpt>
<trkpt lat="31.2036290556041" lon="121.6450398961737"><ele>3.9</ele><time>2026-06-06T23:53:25.000Z</time></trkpt>
<trkpt lat="31.20365004022375" lon="121.6450428892305"><ele>4.7</ele><time>2026-06-06T23:53:26.000Z</time></trkpt>
<trkpt lat="31.2036700304738" lon="121.6450428875684"><ele>4.7</ele><time>2026-06-06T23:53:27.000Z</time></trkpt>
<trkpt lat="31.20369002586673" lon="121.6450398911041"><ele>4.7</ele><time>2026-06-06T23:53:28.000Z</time></trkpt>
<trkpt lat="31.203710024688" lon="121.6450348981046"><ele>4.7</ele><time>2026-06-06T23:53:29.000Z</time></trkpt>
<trkpt lat="31.20373002693709" lon="121.6450279085694"><ele>4.7</ele><time>2026-06-06T23:53:30.000Z</time></trkpt>
<trkpt lat="31.20374903138688" lon="121.6450199208487"><ele>4.7</ele><time>2026-06-06T23:53:31.000Z</time></trkpt>
<trkpt lat="31.20376703975054" lon="121.6450099366738"><ele>4.7</ele><time>2026-06-06T23:53:32.000Z</time></trkpt>
<trkpt lat="31.20378504982616" lon="121.6449989542287"><ele>4.7</ele><time>2026-06-06T23:53:33.000Z</time></trkpt>
<trkpt lat="31.20380305989991" lon="121.6449879717813"><ele>4.7</ele><time>2026-06-06T23:53:34.000Z</time></trkpt>
<trkpt lat="31.20381907265957" lon="121.6449759912291"><ele>4.7</ele><time>2026-06-06T23:53:35.000Z</time></trkpt>
<trkpt lat="31.2038350871297" lon="121.6449630124052"><ele>4.4</ele><time>2026-06-06T23:53:36.000Z</time></trkpt>
<trkpt lat="31.20385210110974" lon="121.6449500334949"><ele>4.4</ele><time>2026-06-06T23:53:37.000Z</time></trkpt>
<trkpt lat="31.20386911679936" lon="121.6449360563118"><ele>4.4</ele><time>2026-06-06T23:53:38.000Z</time></trkpt>
<trkpt lat="31.20388513468514" lon="121.6449210809383"><ele>4.4</ele><time>2026-06-06T23:53:39.000Z</time></trkpt>
<trkpt lat="31.20390215036807" lon="121.6449071037473"><ele>4.4</ele><time>2026-06-06T23:53:40.000Z</time></trkpt>
<trkpt lat="31.20391916604776" lon="121.6448931265524"><ele>4.4</ele><time>2026-06-06T23:53:41.000Z</time></trkpt>
<trkpt lat="31.20393618172423" lon="121.6448791493536"><ele>4.4</ele><time>2026-06-06T23:53:42.000Z</time></trkpt>
<trkpt lat="31.20395419691022" lon="121.6448651720679"><ele>4.4</ele><time>2026-06-06T23:53:43.000Z</time></trkpt>
<trkpt lat="31.20397121258025" lon="121.6448511948615"><ele>4.4</ele><time>2026-06-06T23:53:44.000Z</time></trkpt>
<trkpt lat="31.20398822653646" lon="121.6448382159225"><ele>4.4</ele><time>2026-06-06T23:53:45.000Z</time></trkpt>
<trkpt lat="31.20400523706916" lon="121.6448272335235"><ele>3.5</ele><time>2026-06-06T23:53:46.000Z</time></trkpt>
<trkpt lat="31.2040232419821" lon="121.6448192458543"><ele>3.5</ele><time>2026-06-06T23:53:47.000Z</time></trkpt>
<trkpt lat="31.20404123834339" lon="121.6448162495431"><ele>3.5</ele><time>2026-06-06T23:53:48.000Z</time></trkpt>
<trkpt lat="31.20405922957427" lon="121.6448162480471"><ele>3.5</ele><time>2026-06-06T23:53:49.000Z</time></trkpt>
<trkpt lat="31.20407821518761" lon="121.6448192412835"><ele>3.5</ele><time>2026-06-06T23:53:50.000Z</time></trkpt>
<trkpt lat="31.20409820031394" lon="121.6448222344365"><ele>3.5</ele><time>2026-06-06T23:53:51.000Z</time></trkpt>
<trkpt lat="31.20411819399202" lon="121.644820236231"><ele>3.5</ele><time>2026-06-06T23:53:52.000Z</time></trkpt>
<trkpt lat="31.20413819451117" lon="121.6448142449382"><ele>3.5</ele><time>2026-06-06T23:53:53.000Z</time></trkpt>
<trkpt lat="31.20415520675127" lon="121.6448022642619"><ele>3.5</ele><time>2026-06-06T23:53:54.000Z</time></trkpt>
<trkpt lat="31.20417122973423" lon="121.6447842940316"><ele>3.5</ele><time>2026-06-06T23:53:55.000Z</time></trkpt>
<trkpt lat="31.20418426100993" lon="121.6447623309529"><ele>3.3</ele><time>2026-06-06T23:53:56.000Z</time></trkpt>
<trkpt lat="31.2041952949601" lon="121.6447393697575"><ele>3.3</ele><time>2026-06-06T23:53:57.000Z</time></trkpt>
<trkpt lat="31.20420832792688" lon="121.6447164083855"><ele>3.3</ele><time>2026-06-06T23:53:58.000Z</time></trkpt>
<trkpt lat="31.20422135746831" lon="121.6446954435514"><ele>3.3</ele><time>2026-06-06T23:53:59.000Z</time></trkpt>
<trkpt lat="31.20423738041787" lon="121.644677473283"><ele>3.3</ele><time>2026-06-06T23:54:00.000Z</time></trkpt>
<trkpt lat="31.20425539726556" lon="121.6446624976665"><ele>3.3</ele><time>2026-06-06T23:54:01.000Z</time></trkpt>
<trkpt lat="31.2042744102081" lon="121.6446495185128"><ele>3.3</ele><time>2026-06-06T23:54:02.000Z</time></trkpt>
<trkpt lat="31.20429442095395" lon="121.644637537548"><ele>3.3</ele><time>2026-06-06T23:54:03.000Z</time></trkpt>
<trkpt lat="31.20431443169757" lon="121.6446255565803"><ele>3.3</ele><time>2026-06-06T23:54:04.000Z</time></trkpt>
<trkpt lat="31.20433544024541" lon="121.6446145738025"><ele>3.3</ele><time>2026-06-06T23:54:05.000Z</time></trkpt>
<trkpt lat="31.20435544927837" lon="121.6446035911054"><ele>3.6</ele><time>2026-06-06T23:54:06.000Z</time></trkpt>
<trkpt lat="31.2043754600157" lon="121.6445916101296"><ele>3.6</ele><time>2026-06-06T23:54:07.000Z</time></trkpt>
<trkpt lat="31.20439547075078" lon="121.644579629151"><ele>3.6</ele><time>2026-06-06T23:54:08.000Z</time></trkpt>
<trkpt lat="31.20441547977784" lon="121.6445686464462"><ele>3.6</ele><time>2026-06-06T23:54:09.000Z</time></trkpt>
<trkpt lat="31.20443548709749" lon="121.6445586620159"><ele>3.6</ele><time>2026-06-06T23:54:10.000Z</time></trkpt>
<trkpt lat="31.20445649392884" lon="121.6445486775005"><ele>3.6</ele><time>2026-06-06T23:54:11.000Z</time></trkpt>
<trkpt lat="31.20447749905351" lon="121.6445396912605"><ele>3.6</ele><time>2026-06-06T23:54:12.000Z</time></trkpt>
<trkpt lat="31.2044985041771" lon="121.6445307050189"><ele>3.6</ele><time>2026-06-06T23:54:13.000Z</time></trkpt>
<trkpt lat="31.20451951270943" lon="121.6445197222202"><ele>3.6</ele><time>2026-06-06T23:54:14.000Z</time></trkpt>
<trkpt lat="31.20454052123996" lon="121.6445087394192"><ele>3.6</ele><time>2026-06-06T23:54:15.000Z</time></trkpt>
<trkpt lat="31.20456152976868" lon="121.6444977566157"><ele>3.9</ele><time>2026-06-06T23:54:16.000Z</time></trkpt>
<trkpt lat="31.20458353780886" lon="121.6444867737267"><ele>3.9</ele><time>2026-06-06T23:54:17.000Z</time></trkpt>
<trkpt lat="31.20460454803807" lon="121.6444747926399"><ele>3.9</ele><time>2026-06-06T23:54:18.000Z</time></trkpt>
<trkpt lat="31.20462456045562" lon="121.6444618133543"><ele>3.9</ele><time>2026-06-06T23:54:19.000Z</time></trkpt>
<trkpt lat="31.20464457457406" lon="121.6444478357863"><ele>3.9</ele><time>2026-06-06T23:54:20.000Z</time></trkpt>
<trkpt lat="31.20466359087931" lon="121.644432860018"><ele>3.9</ele><time>2026-06-06T23:54:21.000Z</time></trkpt>
<trkpt lat="31.20468060985715" lon="121.6444168861317"><ele>3.9</ele><time>2026-06-06T23:54:22.000Z</time></trkpt>
<trkpt lat="31.20469662931724" lon="121.6444009123233"><ele>3.9</ele><time>2026-06-06T23:54:23.000Z</time></trkpt>
<trkpt lat="31.20471265047539" lon="121.6443839402293"><ele>3.9</ele><time>2026-06-06T23:54:24.000Z</time></trkpt>
<trkpt lat="31.20472867333065" lon="121.6443659698488"><ele>3.9</ele><time>2026-06-06T23:54:25.000Z</time></trkpt>
<trkpt lat="31.20474469277664" lon="121.644349996024"><ele>4.3</ele><time>2026-06-06T23:54:26.000Z</time></trkpt>
<trkpt lat="31.20476270784194" lon="121.6443360185906"><ele>4.3</ele><time>2026-06-06T23:54:27.000Z</time></trkpt>
<trkpt lat="31.20478371804158" lon="121.6443240374674"><ele>4.3</ele><time>2026-06-06T23:54:28.000Z</time></trkpt>
<trkpt lat="31.20480572435012" lon="121.6443140528219"><ele>4.3</ele><time>2026-06-06T23:54:29.000Z</time></trkpt>
<trkpt lat="31.20482872506765" lon="121.6443070629372"><ele>4.3</ele><time>2026-06-06T23:54:30.000Z</time></trkpt>
<trkpt lat="31.20485272699914" lon="121.6442990746864"><ele>4.3</ele><time>2026-06-06T23:54:31.000Z</time></trkpt>
<trkpt lat="31.20487672892996" lon="121.6442910864343"><ele>4.3</ele><time>2026-06-06T23:54:32.000Z</time></trkpt>
<trkpt lat="31.20489973134655" lon="121.644283098264"><ele>4.3</ele><time>2026-06-06T23:54:33.000Z</time></trkpt>
<trkpt lat="31.20492173764979" lon="121.6442731136102"><ele>4.3</ele><time>2026-06-06T23:54:34.000Z</time></trkpt>
<trkpt lat="31.20494174322421" lon="121.6442641274035"><ele>4.3</ele><time>2026-06-06T23:54:35.000Z</time></trkpt>
<trkpt lat="31.20496075268409" lon="121.6442531447121"><ele>3.4</ele><time>2026-06-06T23:54:36.000Z</time></trkpt>
<trkpt lat="31.20497876262847" lon="121.6442421621014"><ele>3.4</ele><time>2026-06-06T23:54:37.000Z</time></trkpt>
<trkpt lat="31.20499577475697" lon="121.6442301812878"><ele>3.4</ele><time>2026-06-06T23:54:38.000Z</time></trkpt>
<trkpt lat="31.20501279028193" lon="121.6442162039037"><ele>3.4</ele><time>2026-06-06T23:54:39.000Z</time></trkpt>
<trkpt lat="31.20502781017454" lon="121.6442002301136"><ele>3.4</ele><time>2026-06-06T23:54:40.000Z</time></trkpt>
<trkpt lat="31.20504383127514" lon="121.6441832579507"><ele>3.4</ele><time>2026-06-06T23:54:41.000Z</time></trkpt>
<trkpt lat="31.2050588545555" lon="121.6441652875802"><ele>3.4</ele><time>2026-06-06T23:54:42.000Z</time></trkpt>
<trkpt lat="31.20507487734383" lon="121.6441473171201"><ele>3.4</ele><time>2026-06-06T23:54:43.000Z</time></trkpt>
<trkpt lat="31.20508990231057" lon="121.6441283484508"><ele>3.4</ele><time>2026-06-06T23:54:44.000Z</time></trkpt>
<trkpt lat="31.20510592678461" lon="121.6441093796912"><ele>3.4</ele><time>2026-06-06T23:54:45.000Z</time></trkpt>
<trkpt lat="31.20512194616089" lon="121.6440934057832"><ele>3.4</ele><time>2026-06-06T23:54:46.000Z</time></trkpt>
<trkpt lat="31.20513995946949" lon="121.6440804265637"><ele>3.4</ele><time>2026-06-06T23:54:47.000Z</time></trkpt>
<trkpt lat="31.20515796938187" lon="121.6440694439143"><ele>3.4</ele><time>2026-06-06T23:54:48.000Z</time></trkpt>
<trkpt lat="31.20517897274397" lon="121.6440614558743"><ele>3.4</ele><time>2026-06-06T23:54:49.000Z</time></trkpt>
<trkpt lat="31.20520196834699" lon="121.6440574608151"><ele>3.4</ele><time>2026-06-06T23:54:50.000Z</time></trkpt>
<trkpt lat="31.20522496564658" lon="121.6440524674684"><ele>3.4</ele><time>2026-06-06T23:54:51.000Z</time></trkpt>
<trkpt lat="31.20524696682492" lon="121.6440454776298"><ele>3.4</ele><time>2026-06-06T23:54:52.000Z</time></trkpt>
<trkpt lat="31.20526896969892" lon="121.6440374895027"><ele>3.4</ele><time>2026-06-06T23:54:53.000Z</time></trkpt>
<trkpt lat="31.20528997814615" lon="121.6440265065945"><ele>3.4</ele><time>2026-06-06T23:54:54.000Z</time></trkpt>
<trkpt lat="31.20530899265089" lon="121.6440125289862"><ele>3.4</ele><time>2026-06-06T23:54:55.000Z</time></trkpt>
<trkpt lat="31.20532501369683" lon="121.6439955567583"><ele>3.2</ele><time>2026-06-06T23:54:56.000Z</time></trkpt>
<trkpt lat="31.20533904079494" lon="121.6439755898246"><ele>3.2</ele><time>2026-06-06T23:54:57.000Z</time></trkpt>
<trkpt lat="31.20535007273336" lon="121.6439536265537"><ele>3.2</ele><time>2026-06-06T23:54:58.000Z</time></trkpt>
<trkpt lat="31.20535810950955" lon="121.6439296669429"><ele>3.2</ele><time>2026-06-06T23:54:59.000Z</time></trkpt>
<trkpt lat="31.20536714070791" lon="121.6439087021075"><ele>3.2</ele><time>2026-06-06T23:55:00.000Z</time></trkpt>
<trkpt lat="31.20537617189823" lon="121.6438877372631"><ele>3.2</ele><time>2026-06-06T23:55:01.000Z</time></trkpt>
<trkpt lat="31.20538520308048" lon="121.6438667724097"><ele>3.2</ele><time>2026-06-06T23:55:02.000Z</time></trkpt>
<trkpt lat="31.20539223522677" lon="121.6438458077133"><ele>3.2</ele><time>2026-06-06T23:55:03.000Z</time></trkpt>
<trkpt lat="31.2054002668789" lon="121.6438248429248"><ele>3.2</ele><time>2026-06-06T23:55:04.000Z</time></trkpt>
<trkpt lat="31.20540530674822" lon="121.6437998852073"><ele>3.2</ele><time>2026-06-06T23:55:05.000Z</time></trkpt>
<trkpt lat="31.20540934709204" lon="121.6437749275599"><ele>3.2</ele><time>2026-06-06T23:55:06.000Z</time></trkpt>
<trkpt lat="31.20541438524743" lon="121.64375096811"><ele>3.2</ele><time>2026-06-06T23:55:07.000Z</time></trkpt>
<trkpt lat="31.20542141734882" lon="121.6437300033634"><ele>3.2</ele><time>2026-06-06T23:55:08.000Z</time></trkpt>
<trkpt lat="31.2054324424277" lon="121.6437120331579"><ele>3.2</ele><time>2026-06-06T23:55:09.000Z</time></trkpt>
<trkpt lat="31.2054464609732" lon="121.6436970575799"><ele>3.2</ele><time>2026-06-06T23:55:10.000Z</time></trkpt>
<trkpt lat="31.20546347298794" lon="121.6436850766323"><ele>3.2</ele><time>2026-06-06T23:55:11.000Z</time></trkpt>
<trkpt lat="31.20548148620363" lon="121.6436720973036"><ele>3.2</ele><time>2026-06-06T23:55:12.000Z</time></trkpt>
<trkpt lat="31.20550050061963" lon="121.6436581195931"><ele>3.2</ele><time>2026-06-06T23:55:13.000Z</time></trkpt>
<trkpt lat="31.20551752275945" lon="121.6436401488622"><ele>3.2</ele><time>2026-06-06T23:55:14.000Z</time></trkpt>
<trkpt lat="31.2055325509306" lon="121.6436191834026"><ele>3.2</ele><time>2026-06-06T23:55:15.000Z</time></trkpt>
<trkpt lat="31.20554658295561" lon="121.6435962214239"><ele>3.9</ele><time>2026-06-06T23:55:16.000Z</time></trkpt>
<trkpt lat="31.20555961883186" lon="121.6435712629231"><ele>3.9</ele><time>2026-06-06T23:55:17.000Z</time></trkpt>
<trkpt lat="31.20557165349545" lon="121.64354730279"><ele>3.9</ele><time>2026-06-06T23:55:18.000Z</time></trkpt>
<trkpt lat="31.20558169249335" lon="121.6435213462148"><ele>3.9</ele><time>2026-06-06T23:55:19.000Z</time></trkpt>
<trkpt lat="31.20558873462241" lon="121.6434943915762"><ele>3.9</ele><time>2026-06-06T23:55:20.000Z</time></trkpt>
<trkpt lat="31.20559277988107" lon="121.6434664388722"><ele>3.9</ele><time>2026-06-06T23:55:21.000Z</time></trkpt>
<trkpt lat="31.20559182586945" lon="121.6434394848672"><ele>3.9</ele><time>2026-06-06T23:55:22.000Z</time></trkpt>
<trkpt lat="31.20558787498633" lon="121.6434115327957"><ele>3.9</ele><time>2026-06-06T23:55:23.000Z</time></trkpt>
<trkpt lat="31.2055809221782" lon="121.6433855775589"><ele>3.9</ele><time>2026-06-06T23:55:24.000Z</time></trkpt>
<trkpt lat="31.20557097081511" lon="121.6433596225573"><ele>3.9</ele><time>2026-06-06T23:55:25.000Z</time></trkpt>
<trkpt lat="31.20556001992528" lon="121.6433336676245"><ele>5.1</ele><time>2026-06-06T23:55:26.000Z</time></trkpt>
<trkpt lat="31.20554906734027" lon="121.6433087109801"><ele>5.1</ele><time>2026-06-06T23:55:27.000Z</time></trkpt>
<trkpt lat="31.20553811474358" lon="121.6432837543225"><ele>5.1</ele><time>2026-06-06T23:55:28.000Z</time></trkpt>
<trkpt lat="31.20552616262112" lon="121.6432587977348"><ele>5.1</ele><time>2026-06-06T23:55:29.000Z</time></trkpt>
<trkpt lat="31.20551521000102" lon="121.6432338410508"><ele>5.1</ele><time>2026-06-06T23:55:30.000Z</time></trkpt>
<trkpt lat="31.20550325785516" lon="121.6432088844367"><ele>5.1</ele><time>2026-06-06T23:55:31.000Z</time></trkpt>
<trkpt lat="31.20549130401738" lon="121.6431849261146"><ele>5.1</ele><time>2026-06-06T23:55:32.000Z</time></trkpt>
<trkpt lat="31.20548034968282" lon="121.6431609676972"><ele>5.1</ele><time>2026-06-06T23:55:33.000Z</time></trkpt>
<trkpt lat="31.20546939701673" lon="121.6431360109614"><ele>5.1</ele><time>2026-06-06T23:55:34.000Z</time></trkpt>
<trkpt lat="31.20545844266005" lon="121.643112052519"><ele>5.1</ele><time>2026-06-06T23:55:35.000Z</time></trkpt>
<trkpt lat="31.2054464904569" lon="121.6430870958402"><ele>6</ele><time>2026-06-06T23:55:36.000Z</time></trkpt>
<trkpt lat="31.20543553943383" lon="121.6430611407572"><ele>6</ele><time>2026-06-06T23:55:37.000Z</time></trkpt>
<trkpt lat="31.20542558455719" lon="121.6430371821936"><ele>6</ele><time>2026-06-06T23:55:38.000Z</time></trkpt>
<trkpt lat="31.20541862988848" lon="121.6430122250595"><ele>6</ele><time>2026-06-06T23:55:39.000Z</time></trkpt>
<trkpt lat="31.20541767229168" lon="121.6429872674136"><ele>6</ele><time>2026-06-06T23:55:40.000Z</time></trkpt>
<trkpt lat="31.20541671300696" lon="121.6429633080644"><ele>6</ele><time>2026-06-06T23:55:41.000Z</time></trkpt>
<trkpt lat="31.20541875392865" lon="121.6429383501432"><ele>6</ele><time>2026-06-06T23:55:42.000Z</time></trkpt>
<trkpt lat="31.20542179435236" lon="121.6429133921255"><ele>6</ele><time>2026-06-06T23:55:43.000Z</time></trkpt>
<trkpt lat="31.20542583260351" lon="121.642889432323"><ele>6</ele><time>2026-06-06T23:55:44.000Z</time></trkpt>
<trkpt lat="31.20542987084363" lon="121.6428654725081"><ele>6</ele><time>2026-06-06T23:55:45.000Z</time></trkpt>
<trkpt lat="31.20543790712864" lon="121.6428415123485"><ele>4.5</ele><time>2026-06-06T23:55:46.000Z</time></trkpt>
<trkpt lat="31.20544993643895" lon="121.6428205467835"><ele>4.5</ele><time>2026-06-06T23:55:47.000Z</time></trkpt>
<trkpt lat="31.20546396309606" lon="121.6428005793562"><ele>4.5</ele><time>2026-06-06T23:55:48.000Z</time></trkpt>
<trkpt lat="31.20547899093213" lon="121.6427796135234"><ele>4.5</ele><time>2026-06-06T23:55:49.000Z</time></trkpt>
<trkpt lat="31.20549401541574" lon="121.6427606443098"><ele>4.5</ele><time>2026-06-06T23:55:50.000Z</time></trkpt>
<trkpt lat="31.20550903989259" lon="121.6427416750884"><ele>4.5</ele><time>2026-06-06T23:55:51.000Z</time></trkpt>
<trkpt lat="31.20552406436267" lon="121.6427227058592"><ele>4.5</ele><time>2026-06-06T23:55:52.000Z</time></trkpt>
<trkpt lat="31.20554008666904" lon="121.6427047348547"><ele>4.5</ele><time>2026-06-06T23:55:53.000Z</time></trkpt>
<trkpt lat="31.20555610729869" lon="121.6426877621591"><ele>4.5</ele><time>2026-06-06T23:55:54.000Z</time></trkpt>
<trkpt lat="31.20557212959332" lon="121.6426697911411"><ele>4.5</ele><time>2026-06-06T23:55:55.000Z</time></trkpt>
<trkpt lat="31.20558815188189" lon="121.642651820116"><ele>3.9</ele><time>2026-06-06T23:55:56.000Z</time></trkpt>
<trkpt lat="31.20560317965914" lon="121.6426308542158"><ele>3.9</ele><time>2026-06-06T23:55:57.000Z</time></trkpt>
<trkpt lat="31.20561621173808" lon="121.6426078918371"><ele>3.9</ele><time>2026-06-06T23:55:58.000Z</time></trkpt>
<trkpt lat="31.20562625027047" lon="121.6425819347418"><ele>3.9</ele><time>2026-06-06T23:55:59.000Z</time></trkpt>
<trkpt lat="31.20563329358361" lon="121.6425539812436"><ele>3.9</ele><time>2026-06-06T23:56:00.000Z</time></trkpt>
<trkpt lat="31.20563633882496" lon="121.6425260280607"><ele>3.9</ele><time>2026-06-06T23:56:01.000Z</time></trkpt>
<trkpt lat="31.20563638550863" lon="121.6424980751099"><ele>3.9</ele><time>2026-06-06T23:56:02.000Z</time></trkpt>
<trkpt lat="31.2056344348152" lon="121.6424691239876"><ele>3.9</ele><time>2026-06-06T23:56:03.000Z</time></trkpt>
<trkpt lat="31.20562948389707" lon="121.6424411714174"><ele>3.9</ele><time>2026-06-06T23:56:04.000Z</time></trkpt>
<trkpt lat="31.20562452796755" lon="121.6424162137955"><ele>3.9</ele><time>2026-06-06T23:56:05.000Z</time></trkpt>
<trkpt lat="31.20561857251172" lon="121.642391256243"><ele>3.4</ele><time>2026-06-06T23:56:06.000Z</time></trkpt>
<trkpt lat="31.20561161253621" lon="121.6423692937284"><ele>3.4</ele><time>2026-06-06T23:56:07.000Z</time></trkpt>
<trkpt lat="31.20560565206541" lon="121.6423473311201"><ele>3.4</ele><time>2026-06-06T23:56:08.000Z</time></trkpt>
<trkpt lat="31.20559769089329" lon="121.6423263669912"><ele>3.4</ele><time>2026-06-06T23:56:09.000Z</time></trkpt>
<trkpt lat="31.20558973137582" lon="121.6423044045283"><ele>3.4</ele><time>2026-06-06T23:56:10.000Z</time></trkpt>
<trkpt lat="31.20558077399757" lon="121.6422814438132"><ele>3.4</ele><time>2026-06-06T23:56:11.000Z</time></trkpt>
<trkpt lat="31.20557181827133" lon="121.6422574847613"><ele>3.4</ele><time>2026-06-06T23:56:12.000Z</time></trkpt>
<trkpt lat="31.20556186135792" lon="121.6422345241055"><ele>3.4</ele><time>2026-06-06T23:56:13.000Z</time></trkpt>
<trkpt lat="31.20555090492012" lon="121.6422115635211"><ele>3.4</ele><time>2026-06-06T23:56:14.000Z</time></trkpt>
<trkpt lat="31.20553794778294" lon="121.642189601418"><ele>3.4</ele><time>2026-06-06T23:56:15.000Z</time></trkpt>
<trkpt lat="31.20552499063637" lon="121.6421676393042"><ele>3.4</ele><time>2026-06-06T23:56:16.000Z</time></trkpt>
<trkpt lat="31.20551103064616" lon="121.6421476739181"><ele>3.4</ele><time>2026-06-06T23:56:17.000Z</time></trkpt>
<trkpt lat="31.20549507162016" lon="121.6421277086894"><ele>3.4</ele><time>2026-06-06T23:56:18.000Z</time></trkpt>
<trkpt lat="31.20548111161451" lon="121.6421077432857"><ele>3.4</ele><time>2026-06-06T23:56:19.000Z</time></trkpt>
<trkpt lat="31.20546515091417" lon="121.6420887763682"><ele>3.4</ele><time>2026-06-06T23:56:20.000Z</time></trkpt>
<trkpt lat="31.2054481873757" lon="121.6420718061846"><ele>3.4</ele><time>2026-06-06T23:56:21.000Z</time></trkpt>
<trkpt lat="31.20543122217346" lon="121.6420558343242"><ele>3.4</ele><time>2026-06-06T23:56:22.000Z</time></trkpt>
<trkpt lat="31.20541325579443" lon="121.6420408608713"><ele>3.4</ele><time>2026-06-06T23:56:23.000Z</time></trkpt>
<trkpt lat="31.20539528775349" lon="121.6420268857437"><ele>3.4</ele><time>2026-06-06T23:56:24.000Z</time></trkpt>
<trkpt lat="31.20537531902361" lon="121.6420139091085"><ele>3.4</ele><time>2026-06-06T23:56:25.000Z</time></trkpt>
<trkpt lat="31.2053563481474" lon="121.6420019307175"><ele>4.5</ele><time>2026-06-06T23:56:26.000Z</time></trkpt>
<trkpt lat="31.20533637609773" lon="121.6419909507374"><ele>4.5</ele><time>2026-06-06T23:56:27.000Z</time></trkpt>
<trkpt lat="31.20531540287529" lon="121.6419809691691"><ele>4.5</ele><time>2026-06-06T23:56:28.000Z</time></trkpt>
<trkpt lat="31.20529442965124" lon="121.6419709875985"><ele>4.5</ele><time>2026-06-06T23:56:29.000Z</time></trkpt>
<trkpt lat="31.20527345642557" lon="121.6419610060257"><ele>4.5</ele><time>2026-06-06T23:56:30.000Z</time></trkpt>
<trkpt lat="31.20525148037197" lon="121.6419530211978"><ele>4.5</ele><time>2026-06-06T23:56:31.000Z</time></trkpt>
<trkpt lat="31.20522950100523" lon="121.6419470330327"><ele>4.5</ele><time>2026-06-06T23:56:32.000Z</time></trkpt>
<trkpt lat="31.20520652046836" lon="121.641942043282"><ele>4.5</ele><time>2026-06-06T23:56:33.000Z</time></trkpt>
<trkpt lat="31.20518253544972" lon="121.6419400486108"><ele>4.5</ele><time>2026-06-06T23:56:34.000Z</time></trkpt>
<trkpt lat="31.20515954828925" lon="121.6419390521888"><ele>4.5</ele><time>2026-06-06T23:56:35.000Z</time></trkpt>
<trkpt lat="31.20513656112919" lon="121.6419380557667"><ele>4.5</ele><time>2026-06-06T23:56:36.000Z</time></trkpt>
<trkpt lat="31.20511357065763" lon="121.6419390560093"><ele>4.5</ele><time>2026-06-06T23:56:37.000Z</time></trkpt>
<trkpt lat="31.20509158135618" lon="121.6419390578365"><ele>4.5</ele><time>2026-06-06T23:56:38.000Z</time></trkpt>
<trkpt lat="31.2050705899128" lon="121.6419400579129"><ele>4.5</ele><time>2026-06-06T23:56:39.000Z</time></trkpt>
<trkpt lat="31.20504859730007" lon="121.6419420564046"><ele>4.5</ele><time>2026-06-06T23:56:40.000Z</time></trkpt>
<trkpt lat="31.2050276058574" lon="121.641943056481"><ele>4.5</ele><time>2026-06-06T23:56:41.000Z</time></trkpt>
<trkpt lat="31.20500561324534" lon="121.6419450549725"><ele>4.5</ele><time>2026-06-06T23:56:42.000Z</time></trkpt>
<trkpt lat="31.20498461849106" lon="121.6419480517131"><ele>4.5</ele><time>2026-06-06T23:56:43.000Z</time></trkpt>
<trkpt lat="31.20496262422337" lon="121.6419510485365"><ele>4.5</ele><time>2026-06-06T23:56:44.000Z</time></trkpt>
<trkpt lat="31.20494062829962" lon="121.6419550436916"><ele>4.5</ele><time>2026-06-06T23:56:45.000Z</time></trkpt>
<trkpt lat="31.20491863071956" lon="121.6419600371782"><ele>4.3</ele><time>2026-06-06T23:56:46.000Z</time></trkpt>
<trkpt lat="31.20489563196935" lon="121.6419660290791"><ele>4.3</ele><time>2026-06-06T23:56:47.000Z</time></trkpt>
<trkpt lat="31.20487363107573" lon="121.6419730192277"><ele>4.3</ele><time>2026-06-06T23:56:48.000Z</time></trkpt>
<trkpt lat="31.20485162852473" lon="121.6419810077065"><ele>4.3</ele><time>2026-06-06T23:56:49.000Z</time></trkpt>
<trkpt lat="31.20482962431586" lon="121.6419899945152"><ele>4.3</ele><time>2026-06-06T23:56:50.000Z</time></trkpt>
<trkpt lat="31.20480761844861" lon="121.641999979653"><ele>4.3</ele><time>2026-06-06T23:56:51.000Z</time></trkpt>
<trkpt lat="31.20478461472373" lon="121.6420089665409"><ele>4.3</ele><time>2026-06-06T23:56:52.000Z</time></trkpt>
<trkpt lat="31.20476160934012" lon="121.6420189517575"><ele>4.3</ele><time>2026-06-06T23:56:53.000Z</time></trkpt>
<trkpt lat="31.20473960678387" lon="121.6420269402282"><ele>4.3</ele><time>2026-06-06T23:56:54.000Z</time></trkpt>
<trkpt lat="31.20471760588465" lon="121.6420339303674"><ele>4.3</ele><time>2026-06-06T23:56:55.000Z</time></trkpt>
<trkpt lat="31.2046946071295" lon="121.6420399222584"><ele>4.3</ele><time>2026-06-06T23:56:56.000Z</time></trkpt>
<trkpt lat="31.20467260457117" lon="121.6420479107254"><ele>4.3</ele><time>2026-06-06T23:56:57.000Z</time></trkpt>
<trkpt lat="31.20465060367027" lon="121.6420549008613"><ele>4.3</ele><time>2026-06-06T23:56:58.000Z</time></trkpt>
<trkpt lat="31.20462760159705" lon="121.6420628894088"><ele>4.3</ele><time>2026-06-06T23:56:59.000Z</time></trkpt>
<trkpt lat="31.20460559737769" lon="121.6420718762011"><ele>4.3</ele><time>2026-06-06T23:57:00.000Z</time></trkpt>
<trkpt lat="31.2045845926704" lon="121.6420808629086"><ele>4.3</ele><time>2026-06-06T23:57:01.000Z</time></trkpt>
<trkpt lat="31.20456458747513" lon="121.6420898495313"><ele>4.3</ele><time>2026-06-06T23:57:02.000Z</time></trkpt>
<trkpt lat="31.2045455851101" lon="121.6420968394115"><ele>4.3</ele><time>2026-06-06T23:57:03.000Z</time></trkpt>
<trkpt lat="31.20452658274442" lon="121.6421038292907"><ele>4.3</ele><time>2026-06-06T23:57:04.000Z</time></trkpt>
<trkpt lat="31.20450858486937" lon="121.6421078241001"><ele>4.3</ele><time>2026-06-06T23:57:05.000Z</time></trkpt>
<trkpt lat="31.20449058699427" lon="121.6421118189092"><ele>4.6</ele><time>2026-06-06T23:57:06.000Z</time></trkpt>
<trkpt lat="31.20447059341173" lon="121.6421138172272"><ele>4.6</ele><time>2026-06-06T23:57:07.000Z</time></trkpt>
<trkpt lat="31.20445060314839" lon="121.6421138188883"><ele>4.6</ele><time>2026-06-06T23:57:08.000Z</time></trkpt>
<trkpt lat="31.20442961669112" lon="121.6421118239756"><ele>4.6</ele><time>2026-06-06T23:57:09.000Z</time></trkpt>
<trkpt lat="31.2044096380439" lon="121.6421048373368"><ele>4.6</ele><time>2026-06-06T23:57:10.000Z</time></trkpt>
<trkpt lat="31.20438966603244" lon="121.6420938573816"><ele>4.6</ele><time>2026-06-06T23:57:11.000Z</time></trkpt>
<trkpt lat="31.20437070182598" lon="121.6420778856947"><ele>4.6</ele><time>2026-06-06T23:57:12.000Z</time></trkpt>
<trkpt lat="31.20435374161612" lon="121.6420589188473"><ele>4.6</ele><time>2026-06-06T23:57:13.000Z</time></trkpt>
<trkpt lat="31.2043367847153" lon="121.6420379553316"><ele>4.6</ele><time>2026-06-06T23:57:14.000Z</time></trkpt>
<trkpt lat="31.20432182848961" lon="121.6420159933095"><ele>4.6</ele><time>2026-06-06T23:57:15.000Z</time></trkpt>
<trkpt lat="31.20430887293768" lon="121.6419930327795"><ele>5.1</ele><time>2026-06-06T23:57:16.000Z</time></trkpt>
<trkpt lat="31.2042959173754" lon="121.6419700722376"><ele>5.1</ele><time>2026-06-06T23:57:17.000Z</time></trkpt>
<trkpt lat="31.20428396131579" lon="121.641947111601"><ele>5.1</ele><time>2026-06-06T23:57:18.000Z</time></trkpt>
<trkpt lat="31.20427400427181" lon="121.6419241507865"><ele>5.1</ele><time>2026-06-06T23:57:19.000Z</time></trkpt>
<trkpt lat="31.20426304604914" lon="121.6419021883765"><ele>5.1</ele><time>2026-06-06T23:57:20.000Z</time></trkpt>
<trkpt lat="31.20425308567512" lon="121.6418812242062"><ele>5.1</ele><time>2026-06-06T23:57:21.000Z</time></trkpt>
<trkpt lat="31.20424412645979" lon="121.641859261609"><ele>5.1</ele><time>2026-06-06T23:57:22.000Z</time></trkpt>
<trkpt lat="31.20423616674787" lon="121.6418372989179"><ele>5.1</ele><time>2026-06-06T23:57:23.000Z</time></trkpt>
<trkpt lat="31.20422920819284" lon="121.6418143377978"><ele>5.1</ele><time>2026-06-06T23:57:24.000Z</time></trkpt>
<trkpt lat="31.2042232474872" lon="121.6417923749185"><ele>5.1</ele><time>2026-06-06T23:57:25.000Z</time></trkpt>
<trkpt lat="31.20421628725896" lon="121.6417704121115"><ele>6.4</ele><time>2026-06-06T23:57:26.000Z</time></trkpt>
<trkpt lat="31.20421032488185" lon="121.6417494475471"><ele>6.4</ele><time>2026-06-06T23:57:27.000Z</time></trkpt>
<trkpt lat="31.20420236347005" lon="121.6417284831389"><ele>6.4</ele><time>2026-06-06T23:57:28.000Z</time></trkpt>
<trkpt lat="31.20419340253653" lon="121.6417075188039"><ele>6.4</ele><time>2026-06-06T23:57:29.000Z</time></trkpt>
<trkpt lat="31.20418443994329" lon="121.641687552797"><ele>6.4</ele><time>2026-06-06T23:57:30.000Z</time></trkpt>
<trkpt lat="31.20417547899264" lon="121.6416665884426"><ele>6.4</ele><time>2026-06-06T23:57:31.000Z</time></trkpt>
<trkpt lat="31.20416651638309" lon="121.6416466224173"><ele>6.4</ele><time>2026-06-06T23:57:32.000Z</time></trkpt>
<trkpt lat="31.20415755376557" lon="121.6416266563829"><ele>6.4</ele><time>2026-06-06T23:57:33.000Z</time></trkpt>
<trkpt lat="31.20414659376359" lon="121.6416056921658"><ele>6.4</ele><time>2026-06-06T23:57:34.000Z</time></trkpt>
<trkpt lat="31.20413563540173" lon="121.6415837295986"><ele>6.4</ele><time>2026-06-06T23:57:35.000Z</time></trkpt>
<trkpt lat="31.20412367422044" lon="121.641563763785"><ele>5.7</ele><time>2026-06-06T23:57:36.000Z</time></trkpt>
<trkpt lat="31.20410971565352" lon="121.6415427997872"><ele>5.7</ele><time>2026-06-06T23:57:37.000Z</time></trkpt>
<trkpt lat="31.20409475591739" lon="121.6415228342043"><ele>5.7</ele><time>2026-06-06T23:57:38.000Z</time></trkpt>
<trkpt lat="31.20407979452612" lon="121.6415038669543"><ele>5.7</ele><time>2026-06-06T23:57:39.000Z</time></trkpt>
<trkpt lat="31.20406383361492" lon="121.6414848997793"><ele>5.7</ele><time>2026-06-06T23:57:40.000Z</time></trkpt>
<trkpt lat="31.20404687153732" lon="121.641466931022"><ele>5.7</ele><time>2026-06-06T23:57:41.000Z</time></trkpt>
<trkpt lat="31.20402890829444" lon="121.6414499606838"><ele>5.7</ele><time>2026-06-06T23:57:42.000Z</time></trkpt>
<trkpt lat="31.20400994388736" lon="121.6414339887657"><ele>5.7</ele><time>2026-06-06T23:57:43.000Z</time></trkpt>
<trkpt lat="31.20399097782987" lon="121.6414190151858"><ele>5.7</ele><time>2026-06-06T23:57:44.000Z</time></trkpt>
<trkpt lat="31.20397201012288" lon="121.6414050399452"><ele>5.7</ele><time>2026-06-06T23:57:45.000Z</time></trkpt>
<trkpt lat="31.20395204125449" lon="121.6413920631278"><ele>4.8</ele><time>2026-06-06T23:57:46.000Z</time></trkpt>
<trkpt lat="31.20393207402773" lon="121.6413780879617"><ele>4.8</ele><time>2026-06-06T23:57:47.000Z</time></trkpt>
<trkpt lat="31.20391110564019" lon="121.6413651112193"><ele>4.8</ele><time>2026-06-06T23:57:48.000Z</time></trkpt>
<trkpt lat="31.2038881382242" lon="121.6413521346392"><ele>4.8</ele><time>2026-06-06T23:57:49.000Z</time></trkpt>
<trkpt lat="31.20386517080522" lon="121.6413391580552"><ele>4.8</ele><time>2026-06-06T23:57:50.000Z</time></trkpt>
<trkpt lat="31.2038402010706" lon="121.6413281783257"><ele>4.8</ele><time>2026-06-06T23:57:51.000Z</time></trkpt>
<trkpt lat="31.20381523133404" lon="121.6413171985934"><ele>4.8</ele><time>2026-06-06T23:57:52.000Z</time></trkpt>
<trkpt lat="31.20378926372616" lon="121.6413052205948"><ele>4.8</ele><time>2026-06-06T23:57:53.000Z</time></trkpt>
<trkpt lat="31.20376329940186" lon="121.6412912458991"><ele>4.8</ele><time>2026-06-06T23:57:54.000Z</time></trkpt>
<trkpt lat="31.20373833458669" lon="121.6412772711158"><ele>4.8</ele><time>2026-06-06T23:57:55.000Z</time></trkpt>
<trkpt lat="31.20371436106848" lon="121.6412682879826"><ele>4.8</ele><time>2026-06-06T23:57:56.000Z</time></trkpt>
<trkpt lat="31.2036923750776" lon="121.6412662931145"><ele>4.8</ele><time>2026-06-06T23:57:57.000Z</time></trkpt>
<trkpt lat="31.20367137874482" lon="121.6412702882481"><ele>4.8</ele><time>2026-06-06T23:57:58.000Z</time></trkpt>
<trkpt lat="31.20365136714037" lon="121.6412832684232"><ele>4.8</ele><time>2026-06-06T23:57:59.000Z</time></trkpt>
<trkpt lat="31.20363134403101" lon="121.6413032370215"><ele>4.8</ele><time>2026-06-06T23:58:00.000Z</time></trkpt>
<trkpt lat="31.20361132091385" lon="121.6413232056108"><ele>4.8</ele><time>2026-06-06T23:58:01.000Z</time></trkpt>
<trkpt lat="31.20359029827645" lon="121.6413431742741"><ele>4.8</ele><time>2026-06-06T23:58:02.000Z</time></trkpt>
<trkpt lat="31.20357027843249" lon="121.6413611461546"><ele>4.8</ele><time>2026-06-06T23:58:03.000Z</time></trkpt>
<trkpt lat="31.20355025858229" lon="121.6413791180277"><ele>4.8</ele><time>2026-06-06T23:58:04.000Z</time></trkpt>
<trkpt lat="31.20352924250362" lon="121.6413950932875"><ele>4.8</ele><time>2026-06-06T23:58:05.000Z</time></trkpt>
<trkpt lat="31.20350822806549" lon="121.6414100701973"><ele>4.4</ele><time>2026-06-06T23:58:06.000Z</time></trkpt>
<trkpt lat="31.20348721526883" lon="121.641424048758"><ele>4.4</ele><time>2026-06-06T23:58:07.000Z</time></trkpt>
<trkpt lat="31.20346720362681" lon="121.6414370288877"><ele>4.4</ele><time>2026-06-06T23:58:08.000Z</time></trkpt>
<trkpt lat="31.20344719198172" lon="121.6414500090136"><ele>4.4</ele><time>2026-06-06T23:58:09.000Z</time></trkpt>
<trkpt lat="31.20342718033353" lon="121.6414629891356"><ele>4.4</ele><time>2026-06-06T23:58:10.000Z</time></trkpt>
<trkpt lat="31.20340916606014" lon="121.6414769674305"><ele>4.4</ele><time>2026-06-06T23:58:11.000Z</time></trkpt>
<trkpt lat="31.20339115178307" lon="121.641490945721"><ele>4.4</ele><time>2026-06-06T23:58:12.000Z</time></trkpt>
<trkpt lat="31.20337413536727" lon="121.641505922266"><ele>4.4</ele><time>2026-06-06T23:58:13.000Z</time></trkpt>
<trkpt lat="31.20335811516418" lon="121.6415228954064"><ele>4.4</ele><time>2026-06-06T23:58:14.000Z</time></trkpt>
<trkpt lat="31.20334209660345" lon="121.6415388701989"><ele>4.4</ele><time>2026-06-06T23:58:15.000Z</time></trkpt>
<trkpt lat="31.20332607803777" lon="121.6415548449856"><ele>4.3</ele><time>2026-06-06T23:58:16.000Z</time></trkpt>
<trkpt lat="31.20330905830632" lon="121.6415718181903"><ele>4.3</ele><time>2026-06-06T23:58:17.000Z</time></trkpt>
<trkpt lat="31.20329303808149" lon="121.6415887913053"><ele>4.3</ele><time>2026-06-06T23:58:18.000Z</time></trkpt>
<trkpt lat="31.20327701785105" lon="121.6416057644139"><ele>4.3</ele><time>2026-06-06T23:58:19.000Z</time></trkpt>
<trkpt lat="31.20326000140211" lon="121.6416207409201"><ele>4.3</ele><time>2026-06-06T23:58:20.000Z</time></trkpt>
<trkpt lat="31.20324098922438" lon="121.6416337209091"><ele>4.3</ele><time>2026-06-06T23:58:21.000Z</time></trkpt>
<trkpt lat="31.20321997966942" lon="121.6416457027214"><ele>4.3</ele><time>2026-06-06T23:58:22.000Z</time></trkpt>
<trkpt lat="31.2031989734126" lon="121.6416556878533"><ele>4.3</ele><time>2026-06-06T23:58:23.000Z</time></trkpt>
<trkpt lat="31.20317596978045" lon="121.6416646748105"><ele>4.3</ele><time>2026-06-06T23:58:24.000Z</time></trkpt>
<trkpt lat="31.20315296614712" lon="121.6416736617658"><ele>4.3</ele><time>2026-06-06T23:58:25.000Z</time></trkpt>
<trkpt lat="31.20313196153672" lon="121.6416826485533"><ele>5.3</ele><time>2026-06-06T23:58:26.000Z</time></trkpt>
<trkpt lat="31.2031099541109" lon="121.6416936320978"><ele>5.3</ele><time>2026-06-06T23:58:27.000Z</time></trkpt>
<trkpt lat="31.20308894784637" lon="121.6417036172188"><ele>5.3</ele><time>2026-06-06T23:58:28.000Z</time></trkpt>
<trkpt lat="31.20306793992872" lon="121.641714600675"><ele>5.3</ele><time>2026-06-06T23:58:29.000Z</time></trkpt>
<trkpt lat="31.20304793152099" lon="121.6417255840455"><ele>5.3</ele><time>2026-06-06T23:58:30.000Z</time></trkpt>
<trkpt lat="31.20302792311118" lon="121.6417365674133"><ele>5.3</ele><time>2026-06-06T23:58:31.000Z</time></trkpt>
<trkpt lat="31.20300791635142" lon="121.6417465524417"><ele>5.3</ele><time>2026-06-06T23:58:32.000Z</time></trkpt>
<trkpt lat="31.20298890910195" lon="121.6417565373848"><ele>5.3</ele><time>2026-06-06T23:58:33.000Z</time></trkpt>
<trkpt lat="31.20296890068629" lon="121.641767520745"><ele>5.3</ele><time>2026-06-06T23:58:34.000Z</time></trkpt>
<trkpt lat="31.20294889226854" lon="121.6417785041024"><ele>5.3</ele><time>2026-06-06T23:58:35.000Z</time></trkpt>
<trkpt lat="31.20292988005457" lon="121.6417914840454"><ele>5.3</ele><time>2026-06-06T23:58:36.000Z</time></trkpt>
<trkpt lat="31.20291186404275" lon="121.6418064605723"><ele>5.3</ele><time>2026-06-06T23:58:37.000Z</time></trkpt>
<trkpt lat="31.20289584374312" lon="121.6418234335979"><ele>5.3</ele><time>2026-06-06T23:58:38.000Z</time></trkpt>
<trkpt lat="31.20288181584541" lon="121.641844399789"><ele>5.3</ele><time>2026-06-06T23:58:39.000Z</time></trkpt>
<trkpt lat="31.20286978530823" lon="121.6418663641382"><ele>5.3</ele><time>2026-06-06T23:58:40.000Z</time></trkpt>
<trkpt lat="31.20285875261838" lon="121.641889326727"><ele>5.3</ele><time>2026-06-06T23:58:41.000Z</time></trkpt>
<trkpt lat="31.20284771826264" lon="121.641913287637"><ele>5.3</ele><time>2026-06-06T23:58:42.000Z</time></trkpt>
<trkpt lat="31.2028366872074" lon="121.6419352518693"><ele>5.3</ele><time>2026-06-06T23:58:43.000Z</time></trkpt>
<trkpt lat="31.20282565448629" lon="121.6419582144228"><ele>5.3</ele><time>2026-06-06T23:58:44.000Z</time></trkpt>
<trkpt lat="31.20281562292339" lon="121.6419801785501"><ele>5.3</ele><time>2026-06-06T23:58:45.000Z</time></trkpt>
<trkpt lat="31.20280659086277" lon="121.6420021425837"><ele>4.7</ele><time>2026-06-06T23:58:46.000Z</time></trkpt>
<trkpt lat="31.20279856161972" lon="121.6420221098625"><ele>4.7</ele><time>2026-06-06T23:58:47.000Z</time></trkpt>
<trkpt lat="31.20279352758802" lon="121.6420440735433"><ele>4.7</ele><time>2026-06-06T23:58:48.000Z</time></trkpt>
<trkpt lat="31.20278949471706" lon="121.6420650388009"><ele>4.7</ele><time>2026-06-06T23:58:49.000Z</time></trkpt>
<trkpt lat="31.20278745920202" lon="121.6420870022117"><ele>4.7</ele><time>2026-06-06T23:58:50.000Z</time></trkpt>
<trkpt lat="31.20278741938222" lon="121.6421109621028"><ele>4.7</ele><time>2026-06-06T23:58:51.000Z</time></trkpt>
<trkpt lat="31.20278837906282" lon="121.6421349218982"><ele>4.7</ele><time>2026-06-06T23:58:52.000Z</time></trkpt>
<trkpt lat="31.20279133609528" lon="121.6421598798422"><ele>4.7</ele><time>2026-06-06T23:58:53.000Z</time></trkpt>
<trkpt lat="31.2027952926272" lon="121.6421848376893"><ele>4.7</ele><time>2026-06-06T23:58:54.000Z</time></trkpt>
<trkpt lat="31.20280025031996" lon="121.6422087971134"><ele>4.7</ele><time>2026-06-06T23:58:55.000Z</time></trkpt>
<trkpt lat="31.20280620751319" lon="121.6422327564416"><ele>4.9</ele><time>2026-06-06T23:58:56.000Z</time></trkpt>
<trkpt lat="31.20281416371874" lon="121.6422567155911"><ele>4.9</ele><time>2026-06-06T23:58:57.000Z</time></trkpt>
<trkpt lat="31.20282112040122" lon="121.642280674811"><ele>4.9</ele><time>2026-06-06T23:58:58.000Z</time></trkpt>
<trkpt lat="31.20283007609607" lon="121.6423046338522"><ele>4.9</ele><time>2026-06-06T23:58:59.000Z</time></trkpt>
<trkpt lat="31.20283803226787" lon="121.6423285929637"><ele>4.9</ele><time>2026-06-06T23:59:00.000Z</time></trkpt>
<trkpt lat="31.20284798911624" lon="121.6423515535733"><ele>4.9</ele><time>2026-06-06T23:59:01.000Z</time></trkpt>
<trkpt lat="31.20285894713075" lon="121.6423735157656"><ele>4.9</ele><time>2026-06-06T23:59:02.000Z</time></trkpt>
<trkpt lat="31.20287190582457" lon="121.6423944794589"><ele>4.9</ele><time>2026-06-06T23:59:03.000Z</time></trkpt>
<trkpt lat="31.20288586901783" lon="121.6424124480938"><ele>4.9</ele><time>2026-06-06T23:59:04.000Z</time></trkpt>
<trkpt lat="31.20290283407186" lon="121.6424284198295"><ele>4.9</ele><time>2026-06-06T23:59:05.000Z</time></trkpt>
<trkpt lat="31.20291979912113" lon="121.6424443915595"><ele>5.5</ele><time>2026-06-06T23:59:06.000Z</time></trkpt>
<trkpt lat="31.20293676749813" lon="121.6424583666422"><ele>5.5</ele><time>2026-06-06T23:59:07.000Z</time></trkpt>
<trkpt lat="31.20295473538346" lon="121.6424723416376"><ele>5.5</ele><time>2026-06-06T23:59:08.000Z</time></trkpt>
<trkpt lat="31.20297269993167" lon="121.6424883132692"><ele>5.5</ele><time>2026-06-06T23:59:09.000Z</time></trkpt>
<trkpt lat="31.20298866378415" lon="121.6425052833813"><ele>5.5</ele><time>2026-06-06T23:59:10.000Z</time></trkpt>
<trkpt lat="31.20300262527234" lon="121.6425242502921"><ele>5.5</ele><time>2026-06-06T23:59:11.000Z</time></trkpt>
<trkpt lat="31.20301658174996" lon="121.6425462121522"><ele>5.5</ele><time>2026-06-06T23:59:12.000Z</time></trkpt>
<trkpt lat="31.20302853919439" lon="121.6425681741678"><ele>5.5</ele><time>2026-06-06T23:59:13.000Z</time></trkpt>
<trkpt lat="31.20303949544876" lon="121.642591134574"><ele>5.5</ele><time>2026-06-06T23:59:14.000Z</time></trkpt>
<trkpt lat="31.20304945385023" lon="121.6426130967342"><ele>5.5</ele><time>2026-06-06T23:59:15.000Z</time></trkpt>
<trkpt lat="31.20305841106073" lon="121.6426360572841"><ele>5.2</ele><time>2026-06-06T23:59:16.000Z</time></trkpt>
<trkpt lat="31.2030653675669" lon="121.6426600163051"><ele>5.2</ele><time>2026-06-06T23:59:17.000Z</time></trkpt>
<trkpt lat="31.2030733252446" lon="121.6426829769147"><ele>5.2</ele><time>2026-06-06T23:59:18.000Z</time></trkpt>
<trkpt lat="31.20308128291212" lon="121.6427059375128"><ele>5.2</ele><time>2026-06-06T23:59:19.000Z</time></trkpt>
<trkpt lat="31.20309023841002" lon="121.6427298963314"><ele>5.2</ele><time>2026-06-06T23:59:20.000Z</time></trkpt>
<trkpt lat="31.20309919556883" lon="121.6427528568232"><ele>5.2</ele><time>2026-06-06T23:59:21.000Z</time></trkpt>
<trkpt lat="31.20310815104511" lon="121.6427768156175"><ele>5.2</ele><time>2026-06-06T23:59:22.000Z</time></trkpt>
<trkpt lat="31.20311710651038" lon="121.6428007743994"><ele>5.2</ele><time>2026-06-06T23:59:23.000Z</time></trkpt>
<trkpt lat="31.20312406126719" lon="121.642825731648"><ele>5.2</ele><time>2026-06-06T23:59:24.000Z</time></trkpt>
<trkpt lat="31.20313001482613" lon="121.6428516872787"><ele>5.2</ele><time>2026-06-06T23:59:25.000Z</time></trkpt>
<trkpt lat="31.20313396767364" lon="121.6428786413727"><ele>4.4</ele><time>2026-06-06T23:59:26.000Z</time></trkpt>
<trkpt lat="31.20313592148306" lon="121.6429055956173"><ele>4.4</ele><time>2026-06-06T23:59:27.000Z</time></trkpt>
<trkpt lat="31.20313387723024" lon="121.6429325501786"><ele>4.4</ele><time>2026-06-06T23:59:28.000Z</time></trkpt>
<trkpt lat="31.20312983393936" lon="121.6429595048903"><ele>4.4</ele><time>2026-06-06T23:59:29.000Z</time></trkpt>
<trkpt lat="31.20312379328685" lon="121.6429854614432"><ele>4.4</ele><time>2026-06-06T23:59:30.000Z</time></trkpt>
<trkpt lat="31.20311775094455" lon="121.6430124162906"><ele>4.4</ele><time>2026-06-06T23:59:31.000Z</time></trkpt>
<trkpt lat="31.20310871340708" lon="121.6430373747549"><ele>4.4</ele><time>2026-06-06T23:59:32.000Z</time></trkpt>
<trkpt lat="31.20309967585776" lon="121.6430623332059"><ele>4.4</ele><time>2026-06-06T23:59:33.000Z</time></trkpt>
<trkpt lat="31.20308864095089" lon="121.6430862935024"><ele>4.4</ele><time>2026-06-06T23:59:34.000Z</time></trkpt>
<trkpt lat="31.20307461085466" lon="121.6431082574222"><ele>4.4</ele><time>2026-06-06T23:59:35.000Z</time></trkpt>
<trkpt lat="31.20305858508369" lon="121.6431282248849"><ele>3.7</ele><time>2026-06-06T23:59:36.000Z</time></trkpt>
<trkpt lat="31.20303856797527" lon="121.6431441994471"><ele>3.7</ele><time>2026-06-06T23:59:37.000Z</time></trkpt>
<trkpt lat="31.20301655519784" lon="121.6431581775584"><ele>3.7</ele><time>2026-06-06T23:59:38.000Z</time></trkpt>
<trkpt lat="31.20299354962486" lon="121.6431681625263"><ele>3.7</ele><time>2026-06-06T23:59:39.000Z</time></trkpt>
<trkpt lat="31.20296854838669" lon="121.6431761510474"><ele>3.7</ele><time>2026-06-06T23:59:40.000Z</time></trkpt>
<trkpt lat="31.20294454833991" lon="121.6431831411787"><ele>3.7</ele><time>2026-06-06T23:59:41.000Z</time></trkpt>
<trkpt lat="31.2029195504611" lon="121.6431891330869"><ele>3.7</ele><time>2026-06-06T23:59:42.000Z</time></trkpt>
<trkpt lat="31.20289555209399" lon="121.6431951249113"><ele>3.7</ele><time>2026-06-06T23:59:43.000Z</time></trkpt>
<trkpt lat="31.2028715503656" lon="121.6432031133448"><ele>3.7</ele><time>2026-06-06T23:59:44.000Z</time></trkpt>
<trkpt lat="31.20284854814831" lon="121.6432111016938"><ele>3.7</ele><time>2026-06-06T23:59:45.000Z</time></trkpt>
<trkpt lat="31.20282554256849" lon="121.6432210866506"><ele>3.5</ele><time>2026-06-06T23:59:46.000Z</time></trkpt>
<trkpt lat="31.202803536499" lon="121.6432310715221"><ele>3.5</ele><time>2026-06-06T23:59:47.000Z</time></trkpt>
<trkpt lat="31.20278152874675" lon="121.6432420546956"><ele>3.5</ele><time>2026-06-06T23:59:48.000Z</time></trkpt>
<trkpt lat="31.20276052050436" lon="121.6432530377835"><ele>3.5</ele><time>2026-06-06T23:59:49.000Z</time></trkpt>
<trkpt lat="31.20274051009006" lon="121.6432650190894"><ele>3.5</ele><time>2026-06-06T23:59:50.000Z</time></trkpt>
<trkpt lat="31.2027214991851" lon="121.6432770003092"><ele>3.5</ele><time>2026-06-06T23:59:51.000Z</time></trkpt>
<trkpt lat="31.20270248659553" lon="121.643289979829"><ele>3.5</ele><time>2026-06-06T23:59:52.000Z</time></trkpt>
<trkpt lat="31.20268347232062" lon="121.643303957648"><ele>3.5</ele><time>2026-06-06T23:59:53.000Z</time></trkpt>
<trkpt lat="31.20266645538292" lon="121.6433189335992"><ele>3.5</ele><time>2026-06-06T23:59:54.000Z</time></trkpt>
<trkpt lat="31.20265043458679" lon="121.6433359060668"><ele>3.5</ele><time>2026-06-06T23:59:55.000Z</time></trkpt>
<trkpt lat="31.20263341427377" lon="121.6433528786114"><ele>3.1</ele><time>2026-06-06T23:59:56.000Z</time></trkpt>
<trkpt lat="31.20261838961137" lon="121.6433718475865"><ele>3.1</ele><time>2026-06-06T23:59:57.000Z</time></trkpt>
<trkpt lat="31.20260336325826" lon="121.6433918148549"><ele>3.1</ele><time>2026-06-06T23:59:58.000Z</time></trkpt>
<trkpt lat="31.20258933304039" lon="121.6434137786328"><ele>3.1</ele><time>2026-06-06T23:59:59.000Z</time></trkpt>
<trkpt lat="31.20257630232519" lon="121.6434357423175"><ele>3.1</ele><time>2026-06-07T00:00:00.000Z</time></trkpt>
<trkpt lat="31.20256426942727" lon="121.6434587042085"><ele>3.1</ele><time>2026-06-07T00:00:01.000Z</time></trkpt>
<trkpt lat="31.20255323265948" lon="121.6434836626034"><ele>3.1</ele><time>2026-06-07T00:00:02.000Z</time></trkpt>
<trkpt lat="31.20254219756638" lon="121.6435076226867"><ele>3.1</ele><time>2026-06-07T00:00:03.000Z</time></trkpt>
<trkpt lat="31.20253116246261" lon="121.643531582758"><ele>3.1</ele><time>2026-06-07T00:00:04.000Z</time></trkpt>
<trkpt lat="31.20252212299686" lon="121.6435575392461"><ele>3.1</ele><time>2026-06-07T00:00:05.000Z</time></trkpt>
<trkpt lat="31.20251308520625" lon="121.6435824974232"><ele>3.2</ele><time>2026-06-07T00:00:06.000Z</time></trkpt>
<trkpt lat="31.20250604473896" lon="121.6436084537175"><ele>3.2</ele><time>2026-06-07T00:00:07.000Z</time></trkpt>
<trkpt lat="31.20249900425911" lon="121.6436344099977"><ele>3.2</ele><time>2026-06-07T00:00:08.000Z</time></trkpt>
<trkpt lat="31.20249296327824" lon="121.6436603661809"><ele>3.2</ele><time>2026-06-07T00:00:09.000Z</time></trkpt>
<trkpt lat="31.20248692228483" lon="121.64368632235"><ele>3.2</ele><time>2026-06-07T00:00:10.000Z</time></trkpt>
<trkpt lat="31.20248188079041" lon="121.643712278422"><ele>3.2</ele><time>2026-06-07T00:00:11.000Z</time></trkpt>
<trkpt lat="31.20247784048557" lon="121.6437372361032"><ele>3.2</ele><time>2026-06-07T00:00:12.000Z</time></trkpt>
<trkpt lat="31.20247279896659" lon="121.6437631921478"><ele>3.2</ele><time>2026-06-07T00:00:13.000Z</time></trkpt>
<trkpt lat="31.20246875863814" lon="121.6437881498027"><ele>3.2</ele><time>2026-06-07T00:00:14.000Z</time></trkpt>
<trkpt lat="31.20246471829815" lon="121.6438131074447"><ele>3.2</ele><time>2026-06-07T00:00:15.000Z</time></trkpt>
<trkpt lat="31.20246067963906" lon="121.6438370667822"><ele>3.4</ele><time>2026-06-07T00:00:16.000Z</time></trkpt>
<trkpt lat="31.2024566426622" lon="121.6438600278166"><ele>3.4</ele><time>2026-06-07T00:00:17.000Z</time></trkpt>
<trkpt lat="31.20245360688037" lon="121.6438819904664"><ele>3.4</ele><time>2026-06-07T00:00:18.000Z</time></trkpt>
<trkpt lat="31.20245257349992" lon="121.6439019563596"><ele>3.4</ele><time>2026-06-07T00:00:19.000Z</time></trkpt>
<trkpt lat="31.20245253623556" lon="121.6439239187411"><ele>3.4</ele><time>2026-06-07T00:00:20.000Z</time></trkpt>
<trkpt lat="31.20245350016823" lon="121.6439448827402"><ele>3.4</ele><time>2026-06-07T00:00:21.000Z</time></trkpt>
<trkpt lat="31.20245546190947" lon="121.6439668449362"><ele>3.4</ele><time>2026-06-07T00:00:22.000Z</time></trkpt>
<trkpt lat="31.20245942096958" lon="121.6439898052446"><ele>3.4</ele><time>2026-06-07T00:00:23.000Z</time></trkpt>
<trkpt lat="31.20246437783583" lon="121.6440137637471"><ele>3.4</ele><time>2026-06-07T00:00:24.000Z</time></trkpt>
<trkpt lat="31.20247033589917" lon="121.6440367238671"><ele>3.4</ele><time>2026-06-07T00:00:25.000Z</time></trkpt>
<trkpt lat="31.20247829127934" lon="121.6440606820973"><ele>3.5</ele><time>2026-06-07T00:00:26.000Z</time></trkpt>
<trkpt lat="31.20248824736906" lon="121.6440836418629"><ele>3.5</ele><time>2026-06-07T00:00:27.000Z</time></trkpt>
<trkpt lat="31.20250020586702" lon="121.6441046048794"><ele>3.5</ele><time>2026-06-07T00:00:28.000Z</time></trkpt>
<trkpt lat="31.20251416338013" lon="121.6441255677206"><ele>3.5</ele><time>2026-06-07T00:00:29.000Z</time></trkpt>
<trkpt lat="31.20252912379314" lon="121.6441445338992"><ele>3.5</ele><time>2026-06-07T00:00:30.000Z</time></trkpt>
<trkpt lat="31.20254608661972" lon="121.6441615033343"><ele>3.5</ele><time>2026-06-07T00:00:31.000Z</time></trkpt>
<trkpt lat="31.20256305113997" lon="121.6441774744789"><ele>3.5</ele><time>2026-06-07T00:00:32.000Z</time></trkpt>
<trkpt lat="31.20258101516741" lon="121.6441934455352"><ele>3.5</ele><time>2026-06-07T00:00:33.000Z</time></trkpt>
<trkpt lat="31.2025989808897" lon="121.6442084183022"><ele>3.5</ele><time>2026-06-07T00:00:34.000Z</time></trkpt>
<trkpt lat="31.20261694660818" lon="121.6442233910647"><ele>3.5</ele><time>2026-06-07T00:00:35.000Z</time></trkpt>
<trkpt lat="31.20263491062303" lon="121.644239362106"><ele>4.5</ele><time>2026-06-07T00:00:36.000Z</time></trkpt>
<trkpt lat="31.20265187512182" lon="121.6442553332252"><ele>4.5</ele><time>2026-06-07T00:00:37.000Z</time></trkpt>
<trkpt lat="31.20266984082827" lon="121.6442703059734"><ele>4.5</ele><time>2026-06-07T00:00:38.000Z</time></trkpt>
<trkpt lat="31.20268580410617" lon="121.6442872754481"><ele>4.5</ele><time>2026-06-07T00:00:39.000Z</time></trkpt>
<trkpt lat="31.20270176737905" lon="121.6443042449169"><ele>4.5</ele><time>2026-06-07T00:00:40.000Z</time></trkpt>
<trkpt lat="31.20271572822082" lon="121.6443232111095"><ele>4.5</ele><time>2026-06-07T00:00:41.000Z</time></trkpt>
<trkpt lat="31.20272968905621" lon="121.6443421772948"><ele>4.5</ele><time>2026-06-07T00:00:42.000Z</time></trkpt>
<trkpt lat="31.20274164745765" lon="121.6443631402008"><ele>4.5</ele><time>2026-06-07T00:00:43.000Z</time></trkpt>
<trkpt lat="31.20275360755367" lon="121.6443831048174"><ele>4.5</ele><time>2026-06-07T00:00:44.000Z</time></trkpt>
<trkpt lat="31.20276556593979" lon="121.644404067706"><ele>4.5</ele><time>2026-06-07T00:00:45.000Z</time></trkpt>
<trkpt lat="31.20277752431807" lon="121.6444250305858"><ele>5.3</ele><time>2026-06-07T00:00:46.000Z</time></trkpt>
<trkpt lat="31.20278848317673" lon="121.6444459935397"><ele>5.3</ele><time>2026-06-07T00:00:47.000Z</time></trkpt>
<trkpt lat="31.20279944032359" lon="121.6444679547636"><ele>5.3</ele><time>2026-06-07T00:00:48.000Z</time></trkpt>
<trkpt lat="31.20280939965439" lon="121.6444889177825"><ele>5.3</ele><time>2026-06-07T00:00:49.000Z</time></trkpt>
<trkpt lat="31.20281935897734" lon="121.6445098807926"><ele>5.3</ele><time>2026-06-07T00:00:50.000Z</time></trkpt>
<trkpt lat="31.20282931829245" lon="121.6445308437939"><ele>5.3</ele><time>2026-06-07T00:00:51.000Z</time></trkpt>
<trkpt lat="31.20283927759972" lon="121.6445518067863"><ele>5.3</ele><time>2026-06-07T00:00:52.000Z</time></trkpt>
<trkpt lat="31.20284923860499" lon="121.6445717714931"><ele>5.3</ele><time>2026-06-07T00:00:53.000Z</time></trkpt>
<trkpt lat="31.20286019570261" lon="121.6445937326615"><ele>5.3</ele><time>2026-06-07T00:00:54.000Z</time></trkpt>
<trkpt lat="31.20287015327981" lon="121.6446156939033"><ele>5.3</ele><time>2026-06-07T00:00:55.000Z</time></trkpt>
<trkpt lat="31.20288011084844" lon="121.6446376551354"><ele>6.3</ele><time>2026-06-07T00:00:56.000Z</time></trkpt>
<trkpt lat="31.20288906718921" lon="121.6446606147159"><ele>6.3</ele><time>2026-06-07T00:00:57.000Z</time></trkpt>
<trkpt lat="31.20289802352061" lon="121.6446835742859"><ele>6.3</ele><time>2026-06-07T00:00:58.000Z</time></trkpt>
<trkpt lat="31.20290697984264" lon="121.6447065338453"><ele>6.3</ele><time>2026-06-07T00:00:59.000Z</time></trkpt>
<trkpt lat="31.2029159361553" lon="121.6447294933942"><ele>6.3</ele><time>2026-06-07T00:01:00.000Z</time></trkpt>
<trkpt lat="31.20292489245861" lon="121.6447524529327"><ele>6.3</ele><time>2026-06-07T00:01:01.000Z</time></trkpt>
<trkpt lat="31.20293384704309" lon="121.6447764107332"><ele>6.3</ele><time>2026-06-07T00:01:02.000Z</time></trkpt>
<trkpt lat="31.20294279990748" lon="121.6448013667945"><ele>6.3</ele><time>2026-06-07T00:01:03.000Z</time></trkpt>
<trkpt lat="31.20295175105045" lon="121.644827321115"><ele>6.3</ele><time>2026-06-07T00:01:04.000Z</time></trkpt>
<trkpt lat="31.20295970438043" lon="121.6448522772342"><ele>6.3</ele><time>2026-06-07T00:01:05.000Z</time></trkpt>
<trkpt lat="31.20296665818746" lon="121.6448772334242"><ele>4.5</ele><time>2026-06-07T00:01:06.000Z</time></trkpt>
<trkpt lat="31.20297261247153" lon="121.6449021896849"><ele>4.5</ele><time>2026-06-07T00:01:07.000Z</time></trkpt>
<trkpt lat="31.20297656600854" lon="121.6449281443691"><ele>4.5</ele><time>2026-06-07T00:01:08.000Z</time></trkpt>
<trkpt lat="31.20297852222237" lon="121.6449531009371"><ele>4.5</ele><time>2026-06-07T00:01:09.000Z</time></trkpt>
<trkpt lat="31.20297847940131" lon="121.6449780576591"><ele>4.5</ele><time>2026-06-07T00:01:10.000Z</time></trkpt>
<trkpt lat="31.20297843656924" lon="121.6450030143688"><ele>4.5</ele><time>2026-06-07T00:01:11.000Z</time></trkpt>
<trkpt lat="31.20297739250027" lon="121.645028969417"><ele>4.5</ele><time>2026-06-07T00:01:12.000Z</time></trkpt>
<trkpt lat="31.20297734964576" lon="121.6450539261017"><ele>4.5</ele><time>2026-06-07T00:01:13.000Z</time></trkpt>
<trkpt lat="31.20297930408929" lon="121.6450798808746"><ele>4.5</ele><time>2026-06-07T00:01:14.000Z</time></trkpt>
<trkpt lat="31.20298225803291" lon="121.6451058355513"><ele>4.5</ele><time>2026-06-07T00:01:15.000Z</time></trkpt>
<trkpt lat="31.20298620976084" lon="121.6451327883972"><ele>4.3</ele><time>2026-06-07T00:01:16.000Z</time></trkpt>
<trkpt lat="31.20299216221617" lon="121.6451587427976"><ele>4.3</ele><time>2026-06-07T00:01:17.000Z</time></trkpt>
<trkpt lat="31.20299911417166" lon="121.6451846971018"><ele>4.3</ele><time>2026-06-07T00:01:18.000Z</time></trkpt>
<trkpt lat="31.20300606611539" lon="121.6452106513927"><ele>4.3</ele><time>2026-06-07T00:01:19.000Z</time></trkpt>
<trkpt lat="31.20301501878888" lon="121.6452356072408"><ele>4.3</ele><time>2026-06-07T00:01:20.000Z</time></trkpt>
<trkpt lat="31.20302696998747" lon="121.6452605628274"><ele>4.3</ele><time>2026-06-07T00:01:21.000Z</time></trkpt>
<trkpt lat="31.20304192486655" lon="121.6452825233645"><ele>4.3</ele><time>2026-06-07T00:01:22.000Z</time></trkpt>
<trkpt lat="31.20305988514842" lon="121.6453004905938"><ele>4.3</ele><time>2026-06-07T00:01:23.000Z</time></trkpt>
<trkpt lat="31.2030808525559" lon="121.6453134662572"><ele>4.3</ele><time>2026-06-07T00:01:24.000Z</time></trkpt>
<trkpt lat="31.20310582832369" lon="121.6453204520135"><ele>4.3</ele><time>2026-06-07T00:01:25.000Z</time></trkpt>
<trkpt lat="31.20313081612501" lon="121.6453204499357"><ele>4.4</ele><time>2026-06-07T00:01:26.000Z</time></trkpt>
<trkpt lat="31.20315581595987" lon="121.6453134600237"><ele>4.4</ele><time>2026-06-07T00:01:27.000Z</time></trkpt>
<trkpt lat="31.20317982659492" lon="121.6453004806203"><ele>4.4</ele><time>2026-06-07T00:01:28.000Z</time></trkpt>
<trkpt lat="31.2032018416402" lon="121.6452855048546"><ele>4.4</ele><time>2026-06-07T00:01:29.000Z</time></trkpt>
<trkpt lat="31.20322286060619" lon="121.6452685326418"><ele>4.4</ele><time>2026-06-07T00:01:30.000Z</time></trkpt>
<trkpt lat="31.20324188226105" lon="121.6452505623264"><ele>4.4</ele><time>2026-06-07T00:01:31.000Z</time></trkpt>
<trkpt lat="31.20325890832126" lon="121.6452305956436"><ele>4.4</ele><time>2026-06-07T00:01:32.000Z</time></trkpt>
<trkpt lat="31.20327293927246" lon="121.6452086326741"><ele>4.4</ele><time>2026-06-07T00:01:33.000Z</time></trkpt>
<trkpt lat="31.20328397339551" lon="121.64518567168"><ele>4.4</ele><time>2026-06-07T00:01:34.000Z</time></trkpt>
<trkpt lat="31.20329401142981" lon="121.6451607142287"><ele>4.4</ele><time>2026-06-07T00:01:35.000Z</time></trkpt>
<trkpt lat="31.20330205042886" lon="121.6451357569315"><ele>4.3</ele><time>2026-06-07T00:01:36.000Z</time></trkpt>
<trkpt lat="31.20330809039259" lon="121.6451107997883"><ele>4.3</ele><time>2026-06-07T00:01:37.000Z</time></trkpt>
<trkpt lat="31.20331413206035" lon="121.6450848443664"><ele>4.3</ele><time>2026-06-07T00:01:38.000Z</time></trkpt>
<trkpt lat="31.20332216931172" lon="121.6450608852992"><ele>4.3</ele><time>2026-06-07T00:01:39.000Z</time></trkpt>
<trkpt lat="31.20333020826711" lon="121.6450359279532"><ele>4.3</ele><time>2026-06-07T00:01:40.000Z</time></trkpt>
<trkpt lat="31.20333824892521" lon="121.645009972327"><ele>4.3</ele><time>2026-06-07T00:01:41.000Z</time></trkpt>
<trkpt lat="31.20335028419406" lon="121.6449860128921"><ele>4.3</ele><time>2026-06-07T00:01:42.000Z</time></trkpt>
<trkpt lat="31.2033663072249" lon="121.6449680427268"><ele>4.3</ele><time>2026-06-07T00:01:43.000Z</time></trkpt>
<trkpt lat="31.20338332119946" lon="121.6449550638176"><ele>4.3</ele><time>2026-06-07T00:01:44.000Z</time></trkpt>
<trkpt lat="31.20340332000814" lon="121.6449500708099"><ele>4.3</ele><time>2026-06-07T00:01:45.000Z</time></trkpt>
<trkpt lat="31.20342630365323" lon="121.6449530637058"><ele>3.9</ele><time>2026-06-07T00:01:46.000Z</time></trkpt>
<trkpt lat="31.20344727628478" lon="121.6449630446508"><ele>3.9</ele><time>2026-06-07T00:01:47.000Z</time></trkpt>
<trkpt lat="31.20346824720195" lon="121.6449740238625"><ele>3.9</ele><time>2026-06-07T00:01:48.000Z</time></trkpt>
<trkpt lat="31.20349021249008" lon="121.644987997794"><ele>3.9</ele><time>2026-06-07T00:01:49.000Z</time></trkpt>
<trkpt lat="31.20351117997625" lon="121.6450009735367"><ele>3.9</ele><time>2026-06-07T00:01:50.000Z</time></trkpt>
<trkpt lat="31.20353214917351" lon="121.645012951008"><ele>3.9</ele><time>2026-06-07T00:01:51.000Z</time></trkpt>
<trkpt lat="31.20355412130875" lon="121.6450229318581"><ele>3.9</ele><time>2026-06-07T00:01:52.000Z</time></trkpt>
<trkpt lat="31.20357609515666" lon="121.6450319144385"><ele>3.9</ele><time>2026-06-07T00:01:53.000Z</time></trkpt>
<trkpt lat="31.20359707463354" lon="121.6450379022983"><ele>3.9</ele><time>2026-06-07T00:01:54.000Z</time></trkpt>
<trkpt lat="31.20361905705103" lon="121.6450418935395"><ele>3.9</ele><time>2026-06-07T00:01:55.000Z</time></trkpt>
<trkpt lat="31.20364004509885" lon="121.6450428900616"><ele>4.9</ele><time>2026-06-07T00:01:56.000Z</time></trkpt>
<trkpt lat="31.20366103828962" lon="121.6450408917816"><ele>4.9</ele><time>2026-06-07T00:01:57.000Z</time></trkpt>
<trkpt lat="31.20368203662301" lon="121.6450358986991"><ele>4.9</ele><time>2026-06-07T00:01:58.000Z</time></trkpt>
<trkpt lat="31.20370304009825" lon="121.6450279108134"><ele>4.9</ele><time>2026-06-07T00:01:59.000Z</time></trkpt>
<trkpt lat="31.20372504651285" lon="121.6450179263076"><ele>4.9</ele><time>2026-06-07T00:02:00.000Z</time></trkpt>
<trkpt lat="31.20374605684067" lon="121.6450059453469"><ele>4.9</ele><time>2026-06-07T00:02:01.000Z</time></trkpt>
<trkpt lat="31.20376706716632" lon="121.6449939643834"><ele>4.9</ele><time>2026-06-07T00:02:02.000Z</time></trkpt>
<trkpt lat="31.20378807920293" lon="121.6449809851485"><ele>4.9</ele><time>2026-06-07T00:02:03.000Z</time></trkpt>
<trkpt lat="31.20380908952403" lon="121.6449690041792"><ele>4.9</ele><time>2026-06-07T00:02:04.000Z</time></trkpt>
<trkpt lat="31.20382910033031" lon="121.6449570232901"><ele>4.9</ele><time>2026-06-07T00:02:05.000Z</time></trkpt>
<trkpt lat="31.20385011064704" lon="121.6449450423151"><ele>4.4</ele><time>2026-06-07T00:02:06.000Z</time></trkpt>
<trkpt lat="31.20387212218655" lon="121.6449320629846"><ele>4.4</ele><time>2026-06-07T00:02:07.000Z</time></trkpt>
<trkpt lat="31.20389313078669" lon="121.6449210802734"><ele>4.4</ele><time>2026-06-07T00:02:08.000Z</time></trkpt>
<trkpt lat="31.2039141359613" lon="121.6449120940998"><ele>4.4</ele><time>2026-06-07T00:02:09.000Z</time></trkpt>
<trkpt lat="31.20393614064758" lon="121.6449031078414"><ele>4.4</ele><time>2026-06-07T00:02:10.000Z</time></trkpt>
<trkpt lat="31.20395714410849" lon="121.6448951199349"><ele>4.4</ele><time>2026-06-07T00:02:11.000Z</time></trkpt>
<trkpt lat="31.2039791470814" lon="121.6448871319439"><ele>4.4</ele><time>2026-06-07T00:02:12.000Z</time></trkpt>
<trkpt lat="31.20400115176488" lon="121.6448781456811"><ele>4.4</ele><time>2026-06-07T00:02:13.000Z</time></trkpt>
<trkpt lat="31.20402315644735" lon="121.6448691594168"><ele>4.4</ele><time>2026-06-07T00:02:14.000Z</time></trkpt>
<trkpt lat="31.20404616064159" lon="121.6448601730677"><ele>4.4</ele><time>2026-06-07T00:02:15.000Z</time></trkpt>
<trkpt lat="31.20406915970231" lon="121.6448541815303"><ele>3.6</ele><time>2026-06-07T00:02:16.000Z</time></trkpt>
<trkpt lat="31.20409215705206" lon="121.6448491882634"><ele>3.6</ele><time>2026-06-07T00:02:17.000Z</time></trkpt>
<trkpt lat="31.20411714658464" lon="121.6448481879145"><ele>3.6</ele><time>2026-06-07T00:02:18.000Z</time></trkpt>
<trkpt lat="31.20414113660483" lon="121.6448471876488"><ele>3.6</ele><time>2026-06-07T00:02:19.000Z</time></trkpt>
<trkpt lat="31.2041651300469" lon="121.6448441908406"><ele>3.6</ele><time>2026-06-07T00:02:20.000Z</time></trkpt>
<trkpt lat="31.20418913204228" lon="121.6448362026754"><ele>3.6</ele><time>2026-06-07T00:02:21.000Z</time></trkpt>
<trkpt lat="31.20421213794483" lon="121.644826218049"><ele>3.6</ele><time>2026-06-07T00:02:22.000Z</time></trkpt>
<trkpt lat="31.20422615849012" lon="121.6448102445373"><ele>3.6</ele><time>2026-06-07T00:02:23.000Z</time></trkpt>
<trkpt lat="31.2042311902533" lon="121.6447902786795"><ele>3.6</ele><time>2026-06-07T00:02:24.000Z</time></trkpt>
<trkpt lat="31.20422922541853" lon="121.6447703133955"><ele>3.6</ele><time>2026-06-07T00:02:25.000Z</time></trkpt>
<trkpt lat="31.2042262627727" lon="121.6447493499135"><ele>3.1</ele><time>2026-06-07T00:02:26.000Z</time></trkpt>
<trkpt lat="31.204224299632" lon="121.6447283863397"><ele>3.1</ele><time>2026-06-07T00:02:27.000Z</time></trkpt>
<trkpt lat="31.20423032917068" lon="121.6447094186402"><ele>3.1</ele><time>2026-06-07T00:02:28.000Z</time></trkpt>
<trkpt lat="31.20424535261186" lon="121.6446914484599"><ele>3.1</ele><time>2026-06-07T00:02:29.000Z</time></trkpt>
<trkpt lat="31.20426737093082" lon="121.6446744759661"><ele>3.1</ele><time>2026-06-07T00:02:30.000Z</time></trkpt>
<trkpt lat="31.20428938753765" lon="121.6446585017415"><ele>3.1</ele><time>2026-06-07T00:02:31.000Z</time></trkpt>
<trkpt lat="31.20431140243321" lon="121.644643525787"><ele>3.1</ele><time>2026-06-07T00:02:32.000Z</time></trkpt>
<trkpt lat="31.20433241781208" lon="121.6446285499112"><ele>3.1</ele><time>2026-06-07T00:02:33.000Z</time></trkpt>
<trkpt lat="31.20435243367422" lon="121.644613574114"><ele>3.1</ele><time>2026-06-07T00:02:34.000Z</time></trkpt>
<trkpt lat="31.20437245123896" lon="121.6445976000361"><ele>3.1</ele><time>2026-06-07T00:02:35.000Z</time></trkpt>
<trkpt lat="31.20439047147924" lon="121.644580627843"><ele>3.4</ele><time>2026-06-07T00:02:36.000Z</time></trkpt>
<trkpt lat="31.2044084900089" lon="121.6445646539208"><ele>3.4</ele><time>2026-06-07T00:02:37.000Z</time></trkpt>
<trkpt lat="31.20442750634197" lon="121.6445496781876"><ele>3.4</ele><time>2026-06-07T00:02:38.000Z</time></trkpt>
<trkpt lat="31.20444651926093" lon="121.6445366990046"><ele>3.4</ele><time>2026-06-07T00:02:39.000Z</time></trkpt>
<trkpt lat="31.20446752949853" lon="121.6445247179297"><ele>3.4</ele><time>2026-06-07T00:02:40.000Z</time></trkpt>
<trkpt lat="31.20448853802913" lon="121.6445137351298"><ele>3.4</ele><time>2026-06-07T00:02:41.000Z</time></trkpt>
<trkpt lat="31.20451154217514" lon="121.6445047487173"><ele>3.4</ele><time>2026-06-07T00:02:42.000Z</time></trkpt>
<trkpt lat="31.20453255070256" lon="121.6444937659129"><ele>3.4</ele><time>2026-06-07T00:02:43.000Z</time></trkpt>
<trkpt lat="31.20455356093239" lon="121.6444817848277"><ele>3.4</ele><time>2026-06-07T00:02:44.000Z</time></trkpt>
<trkpt lat="31.20457557067326" lon="121.6444698036565"><ele>3.4</ele><time>2026-06-07T00:02:45.000Z</time></trkpt>
<trkpt lat="31.20459558138538" lon="121.6444578226486"><ele>4.2</ele><time>2026-06-07T00:02:46.000Z</time></trkpt>
<trkpt lat="31.2046155937988" lon="121.6444448433587"><ele>4.2</ele><time>2026-06-07T00:02:47.000Z</time></trkpt>
<trkpt lat="31.2046356062095" lon="121.6444318640654"><ele>4.2</ele><time>2026-06-07T00:02:48.000Z</time></trkpt>
<trkpt lat="31.20465561861749" lon="121.6444188847686"><ele>4.2</ele><time>2026-06-07T00:02:49.000Z</time></trkpt>
<trkpt lat="31.20467562931991" lon="121.6444069037485"><ele>4.2</ele><time>2026-06-07T00:02:50.000Z</time></trkpt>
<trkpt lat="31.20469564002007" lon="121.6443949227255"><ele>4.2</ele><time>2026-06-07T00:02:51.000Z</time></trkpt>
<trkpt lat="31.20471564901553" lon="121.64438393998"><ele>4.2</ele><time>2026-06-07T00:02:52.000Z</time></trkpt>
<trkpt lat="31.20473666092699" lon="121.6443709605877"><ele>4.2</ele><time>2026-06-07T00:02:53.000Z</time></trkpt>
<trkpt lat="31.20475767113377" lon="121.6443589794729"><ele>4.2</ele><time>2026-06-07T00:02:54.000Z</time></trkpt>
<trkpt lat="31.20477768522841" lon="121.6443450018759"><ele>4.2</ele><time>2026-06-07T00:02:55.000Z</time></trkpt>
<trkpt lat="31.20479869713179" lon="121.6443320224734"><ele>3.9</ele><time>2026-06-07T00:02:56.000Z</time></trkpt>
<trkpt lat="31.20481970733119" lon="121.6443200413491"><ele>3.9</ele><time>2026-06-07T00:02:57.000Z</time></trkpt>
<trkpt lat="31.20483971801487" lon="121.6443080603051"><ele>3.9</ele><time>2026-06-07T00:02:58.000Z</time></trkpt>
<trkpt lat="31.20485872918277" lon="121.6442960793413"><ele>3.9</ele><time>2026-06-07T00:02:59.000Z</time></trkpt>
<trkpt lat="31.20487774204899" lon="121.6442831000922"><ele>3.9</ele><time>2026-06-07T00:03:00.000Z</time></trkpt>
<trkpt lat="31.20489675491245" lon="121.6442701208396"><ele>3.9</ele><time>2026-06-07T00:03:01.000Z</time></trkpt>
<trkpt lat="31.20491577117339" lon="121.6442551450176"><ele>3.9</ele><time>2026-06-07T00:03:02.000Z</time></trkpt>
<trkpt lat="31.20493578694412" lon="121.6442401691079"><ele>3.9</ele><time>2026-06-07T00:03:03.000Z</time></trkpt>
<trkpt lat="31.2049548065966" lon="121.6442231967095"><ele>3.9</ele><time>2026-06-07T00:03:04.000Z</time></trkpt>
<trkpt lat="31.20497282673053" lon="121.6442062243884"><ele>3.9</ele><time>2026-06-07T00:03:05.000Z</time></trkpt>
<trkpt lat="31.20499084685947" lon="121.6441892520613"><ele>3.5</ele><time>2026-06-07T00:03:06.000Z</time></trkpt>
<trkpt lat="31.20500786916838" lon="121.6441712815268"><ele>3.5</ele><time>2026-06-07T00:03:07.000Z</time></trkpt>
<trkpt lat="31.20502388176815" lon="121.6441593007791"><ele>3.5</ele><time>2026-06-07T00:03:08.000Z</time></trkpt>
<trkpt lat="31.20504089048284" lon="121.6441493165157"><ele>3.5</ele><time>2026-06-07T00:03:09.000Z</time></trkpt>
<trkpt lat="31.20505889361553" lon="121.6441423270232"><ele>3.5</ele><time>2026-06-07T00:03:10.000Z</time></trkpt>
<trkpt lat="31.20507789456335" lon="121.6441363357321"><ele>3.5</ele><time>2026-06-07T00:03:11.000Z</time></trkpt>
<trkpt lat="31.20509689551081" lon="121.6441303444403"><ele>3.5</ele><time>2026-06-07T00:03:12.000Z</time></trkpt>
<trkpt lat="31.20511590155101" lon="121.6441213582906"><ele>3.5</ele><time>2026-06-07T00:03:13.000Z</time></trkpt>
<trkpt lat="31.20513490928753" lon="121.6441113738533"><ele>3.5</ele><time>2026-06-07T00:03:14.000Z</time></trkpt>
<trkpt lat="31.20515291920607" lon="121.644100391211"><ele>3.5</ele><time>2026-06-07T00:03:15.000Z</time></trkpt>
<trkpt lat="31.20517092742557" lon="121.6440904068525"><ele>3.5</ele><time>2026-06-07T00:03:16.000Z</time></trkpt>
<trkpt lat="31.20518893734043" lon="121.6440794242054"><ele>3.5</ele><time>2026-06-07T00:03:17.000Z</time></trkpt>
<trkpt lat="31.20520794507043" lon="121.6440694397596"><ele>3.5</ele><time>2026-06-07T00:03:18.000Z</time></trkpt>
<trkpt lat="31.20522595498161" lon="121.6440584571078"><ele>3.5</ele><time>2026-06-07T00:03:19.000Z</time></trkpt>
<trkpt lat="31.20524496610099" lon="121.6440464760832"><ele>3.5</ele><time>2026-06-07T00:03:20.000Z</time></trkpt>
<trkpt lat="31.20526397891409" lon="121.6440334967682"><ele>3.5</ele><time>2026-06-07T00:03:21.000Z</time></trkpt>
<trkpt lat="31.20528299172441" lon="121.6440205174497"><ele>3.5</ele><time>2026-06-07T00:03:22.000Z</time></trkpt>
<trkpt lat="31.20530200961858" lon="121.6440045432634"><ele>3.5</ele><time>2026-06-07T00:03:23.000Z</time></trkpt>
<trkpt lat="31.20531902848059" lon="121.6439885692381"><ele>3.5</ele><time>2026-06-07T00:03:24.000Z</time></trkpt>
<trkpt lat="31.20533505290899" lon="121.6439696004243"><ele>3.5</ele><time>2026-06-07T00:03:25.000Z</time></trkpt>
<trkpt lat="31.20535007951157" lon="121.6439496333968"><ele>3.2</ele><time>2026-06-07T00:03:26.000Z</time></trkpt>
<trkpt lat="31.20536211264759" lon="121.6439266717414"><ele>3.2</ele><time>2026-06-07T00:03:27.000Z</time></trkpt>
<trkpt lat="31.20537314795373" lon="121.643902711868"><ele>3.2</ele><time>2026-06-07T00:03:28.000Z</time></trkpt>
<trkpt lat="31.20538318712179" lon="121.6438767554844"><ele>3.2</ele><time>2026-06-07T00:03:29.000Z</time></trkpt>
<trkpt lat="31.20539022773564" lon="121.6438507993362"><ele>3.2</ele><time>2026-06-07T00:03:30.000Z</time></trkpt>
<trkpt lat="31.20539727002926" lon="121.6438238448822"><ele>3.2</ele><time>2026-06-07T00:03:31.000Z</time></trkpt>
<trkpt lat="31.20540331110378" lon="121.6437978887888"><ele>3.2</ele><time>2026-06-07T00:03:32.000Z</time></trkpt>
<trkpt lat="31.20541034998854" lon="121.6437729308911"><ele>3.2</ele><time>2026-06-07T00:03:33.000Z</time></trkpt>
<trkpt lat="31.20541738548016" lon="121.6437499695674"><ele>3.2</ele><time>2026-06-07T00:03:34.000Z</time></trkpt>
<trkpt lat="31.20542641829955" lon="121.6437280063603"><ele>3.2</ele><time>2026-06-07T00:03:35.000Z</time></trkpt>
<trkpt lat="31.20543844458187" lon="121.6437090377768"><ele>3.4</ele><time>2026-06-07T00:03:36.000Z</time></trkpt>
<trkpt lat="31.20545146699214" lon="121.6436920656919"><ele>3.4</ele><time>2026-06-07T00:03:37.000Z</time></trkpt>
<trkpt lat="31.20546648842521" lon="121.6436750934348"><ele>3.4</ele><time>2026-06-07T00:03:38.000Z</time></trkpt>
<trkpt lat="31.20548251105621" lon="121.6436571227934"><ele>3.4</ele><time>2026-06-07T00:03:39.000Z</time></trkpt>
<trkpt lat="31.20549553513931" lon="121.6436391523945"><ele>3.4</ele><time>2026-06-07T00:03:40.000Z</time></trkpt>
<trkpt lat="31.20550856428171" lon="121.6436181871006"><ele>3.4</ele><time>2026-06-07T00:03:41.000Z</time></trkpt>
<trkpt lat="31.20552059390198" lon="121.6435972218807"><ele>3.4</ele><time>2026-06-07T00:03:42.000Z</time></trkpt>
<trkpt lat="31.20553062786115" lon="121.6435742602238"><ele>3.4</ele><time>2026-06-07T00:03:43.000Z</time></trkpt>
<trkpt lat="31.20554066181055" lon="121.6435512985558"><ele>3.4</ele><time>2026-06-07T00:03:44.000Z</time></trkpt>
<trkpt lat="31.20555069743682" lon="121.6435273385789"><ele>3.4</ele><time>2026-06-07T00:03:45.000Z</time></trkpt>
<trkpt lat="31.20555873402423" lon="121.6435033787561"><ele>4.3</ele><time>2026-06-07T00:03:46.000Z</time></trkpt>
<trkpt lat="31.20556577277259" lon="121.6434784207053"><ele>4.3</ele><time>2026-06-07T00:03:47.000Z</time></trkpt>
<trkpt lat="31.20557081416637" lon="121.6434524645081"><ele>4.3</ele><time>2026-06-07T00:03:48.000Z</time></trkpt>
<trkpt lat="31.20557285700519" lon="121.643426508546"><ele>4.3</ele><time>2026-06-07T00:03:49.000Z</time></trkpt>
<trkpt lat="31.20557190128904" lon="121.643400552819"><ele>4.3</ele><time>2026-06-07T00:03:50.000Z</time></trkpt>
<trkpt lat="31.20556894821578" lon="121.6433735989427"><ele>4.3</ele><time>2026-06-07T00:03:51.000Z</time></trkpt>
<trkpt lat="31.20556199538917" lon="121.6433476436852"><ele>4.3</ele><time>2026-06-07T00:03:52.000Z</time></trkpt>
<trkpt lat="31.2055540430358" lon="121.6433216884966"><ele>4.3</ele><time>2026-06-07T00:03:53.000Z</time></trkpt>
<trkpt lat="31.20554608730506" lon="121.6432977298995"><ele>4.3</ele><time>2026-06-07T00:03:54.000Z</time></trkpt>
<trkpt lat="31.20553813156351" lon="121.6432737712902"><ele>4.3</ele><time>2026-06-07T00:03:55.000Z</time></trkpt>
<trkpt lat="31.20553017749257" lon="121.6432488143649"><ele>5.2</ele><time>2026-06-07T00:03:56.000Z</time></trkpt>
<trkpt lat="31.20552321956197" lon="121.6432258539521"><ele>5.2</ele><time>2026-06-07T00:03:57.000Z</time></trkpt>
<trkpt lat="31.2055162616214" lon="121.6432028935281"><ele>5.2</ele><time>2026-06-07T00:03:58.000Z</time></trkpt>
<trkpt lat="31.20550930199074" lon="121.6431809313982"><ele>5.2</ele><time>2026-06-07T00:03:59.000Z</time></trkpt>
<trkpt lat="31.20550234235093" lon="121.643158969258"><ele>5.2</ele><time>2026-06-07T00:04:00.000Z</time></trkpt>
<trkpt lat="31.20549538270198" lon="121.6431370071076"><ele>5.2</ele><time>2026-06-07T00:04:01.000Z</time></trkpt>
<trkpt lat="31.20548842304388" lon="121.6431150449469"><ele>5.2</ele><time>2026-06-07T00:04:02.000Z</time></trkpt>
<trkpt lat="31.20548146505508" lon="121.6430920844687"><ele>5.2</ele><time>2026-06-07T00:04:03.000Z</time></trkpt>
<trkpt lat="31.20547450873427" lon="121.6430681256717"><ele>5.2</ele><time>2026-06-07T00:04:04.000Z</time></trkpt>
<trkpt lat="31.20546755072498" lon="121.6430451651705"><ele>5.2</ele><time>2026-06-07T00:04:05.000Z</time></trkpt>
<trkpt lat="31.20545959486875" lon="121.6430212064325"><ele>6</ele><time>2026-06-07T00:04:06.000Z</time></trkpt>
<trkpt lat="31.20545264019222" lon="121.64299624929"><ele>6</ele><time>2026-06-07T00:04:07.000Z</time></trkpt>
<trkpt lat="31.20544668334163" lon="121.6429722903607"><ele>6</ele><time>2026-06-07T00:04:08.000Z</time></trkpt>
<trkpt lat="31.20544372502203" lon="121.6429483311699"><ele>6</ele><time>2026-06-07T00:04:09.000Z</time></trkpt>
<trkpt lat="31.20544176453015" lon="121.6429253701946"><ele>6</ele><time>2026-06-07T00:04:10.000Z</time></trkpt>
<trkpt lat="31.20544380040927" lon="121.6429034071868"><ele>6</ele><time>2026-06-07T00:04:11.000Z</time></trkpt>
<trkpt lat="31.20544883482108" lon="121.6428814439194"><ele>6</ele><time>2026-06-07T00:04:12.000Z</time></trkpt>
<trkpt lat="31.20545586657763" lon="121.6428604787878"><ele>6</ele><time>2026-06-07T00:04:13.000Z</time></trkpt>
<trkpt lat="31.20546489568014" lon="121.642840511793"><ele>6</ele><time>2026-06-07T00:04:14.000Z</time></trkpt>
<trkpt lat="31.20547492596229" lon="121.6428195463936"><ele>6</ele><time>2026-06-07T00:04:15.000Z</time></trkpt>
<trkpt lat="31.20548695359125" lon="121.6427995791321"><ele>4.6</ele><time>2026-06-07T00:04:16.000Z</time></trkpt>
<trkpt lat="31.2054989828851" lon="121.6427786135481"><ele>4.6</ele><time>2026-06-07T00:04:17.000Z</time></trkpt>
<trkpt lat="31.20551201001257" lon="121.6427586461859"><ele>4.6</ele><time>2026-06-07T00:04:18.000Z</time></trkpt>
<trkpt lat="31.20552503880414" lon="121.6427376805003"><ele>4.6</ele><time>2026-06-07T00:04:19.000Z</time></trkpt>
<trkpt lat="31.20553607023045" lon="121.6427157166561"><ele>4.6</ele><time>2026-06-07T00:04:20.000Z</time></trkpt>
<trkpt lat="31.20554809949079" lon="121.6426947510342"><ele>4.6</ele><time>2026-06-07T00:04:21.000Z</time></trkpt>
<trkpt lat="31.20555813138496" lon="121.6426727872527"><ele>4.6</ele><time>2026-06-07T00:04:22.000Z</time></trkpt>
<trkpt lat="31.20556816326986" lon="121.6426508234607"><ele>4.6</ele><time>2026-06-07T00:04:23.000Z</time></trkpt>
<trkpt lat="31.20557719730092" lon="121.6426278614242"><ele>4.6</ele><time>2026-06-07T00:04:24.000Z</time></trkpt>
<trkpt lat="31.20558623132181" lon="121.6426048993763"><ele>4.6</ele><time>2026-06-07T00:04:25.000Z</time></trkpt>
<trkpt lat="31.2055932679729" lon="121.6425809391649"><ele>4.1</ele><time>2026-06-07T00:04:26.000Z</time></trkpt>
<trkpt lat="31.20560130412698" lon="121.642556978858"><ele>4.1</ele><time>2026-06-07T00:04:27.000Z</time></trkpt>
<trkpt lat="31.20560734290936" lon="121.6425320203854"><ele>4.1</ele><time>2026-06-07T00:04:28.000Z</time></trkpt>
<trkpt lat="31.20561338001243" lon="121.6425080602191"><ele>4.1</ele><time>2026-06-07T00:04:29.000Z</time></trkpt>
<trkpt lat="31.20561641856193" lon="121.6424841002894"><ele>4.1</ele><time>2026-06-07T00:04:30.000Z</time></trkpt>
<trkpt lat="31.20561845591982" lon="121.6424611387511"><ele>4.1</ele><time>2026-06-07T00:04:31.000Z</time></trkpt>
<trkpt lat="31.20561649354502" lon="121.6424391758548"><ele>4.1</ele><time>2026-06-07T00:04:32.000Z</time></trkpt>
<trkpt lat="31.20561253213253" lon="121.642417213114"><ele>4.1</ele><time>2026-06-07T00:04:33.000Z</time></trkpt>
<trkpt lat="31.20560557050323" lon="121.6423962489341"><ele>4.1</ele><time>2026-06-07T00:04:34.000Z</time></trkpt>
<trkpt lat="31.20559860720074" lon="121.6423762830672"><ele>4.1</ele><time>2026-06-07T00:04:35.000Z</time></trkpt>
<trkpt lat="31.20559064604058" lon="121.6423553189516"><ele>3.9</ele><time>2026-06-07T00:04:36.000Z</time></trkpt>
<trkpt lat="31.20558268320805" lon="121.6423353531498"><ele>3.9</ele><time>2026-06-07T00:04:37.000Z</time></trkpt>
<trkpt lat="31.20557372251705" lon="121.6423143890983"><ele>3.9</ele><time>2026-06-07T00:04:38.000Z</time></trkpt>
<trkpt lat="31.2055637623034" lon="121.6422934251203"><ele>3.9</ele><time>2026-06-07T00:04:39.000Z</time></trkpt>
<trkpt lat="31.20555380374375" lon="121.6422714628076"><ele>3.9</ele><time>2026-06-07T00:04:40.000Z</time></trkpt>
<trkpt lat="31.20554284566062" lon="121.6422495005674"><ele>3.9</ele><time>2026-06-07T00:04:41.000Z</time></trkpt>
<trkpt lat="31.20553188756809" lon="121.6422275383165"><ele>3.9</ele><time>2026-06-07T00:04:42.000Z</time></trkpt>
<trkpt lat="31.20551993161335" lon="121.6422045778117"><ele>3.9</ele><time>2026-06-07T00:04:43.000Z</time></trkpt>
<trkpt lat="31.20550797398752" lon="121.6421826156221"><ele>3.9</ele><time>2026-06-07T00:04:44.000Z</time></trkpt>
<trkpt lat="31.20549501517785" lon="121.6421616518322"><ele>3.9</ele><time>2026-06-07T00:04:45.000Z</time></trkpt>
<trkpt lat="31.2054810585056" lon="121.6421396897879"><ele>3.9</ele><time>2026-06-07T00:04:46.000Z</time></trkpt>
<trkpt lat="31.20546709850485" lon="121.6421197243895"><ele>3.9</ele><time>2026-06-07T00:04:47.000Z</time></trkpt>
<trkpt lat="31.20545213898238" lon="121.6420997590653"><ele>3.9</ele><time>2026-06-07T00:04:48.000Z</time></trkpt>
<trkpt lat="31.20543617827942" lon="121.6420807921445"><ele>3.9</ele><time>2026-06-07T00:04:49.000Z</time></trkpt>
<trkpt lat="31.2054202159111" lon="121.6420628235452"><ele>3.9</ele><time>2026-06-07T00:04:50.000Z</time></trkpt>
<trkpt lat="31.20540525470863" lon="121.6420438565257"><ele>3.9</ele><time>2026-06-07T00:04:51.000Z</time></trkpt>
<trkpt lat="31.20539029018377" lon="121.642026886159"><ele>3.9</ele><time>2026-06-07T00:04:52.000Z</time></trkpt>
<trkpt lat="31.2053763251673" lon="121.6420099157028"><ele>3.9</ele><time>2026-06-07T00:04:53.000Z</time></trkpt>
<trkpt lat="31.20536135897428" lon="121.6419939436543"><ele>3.9</ele><time>2026-06-07T00:04:54.000Z</time></trkpt>
<trkpt lat="31.20534438546449" lon="121.6419829634231"><ele>3.9</ele><time>2026-06-07T00:04:55.000Z</time></trkpt>
<trkpt lat="31.20532640746861" lon="121.6419749782669"><ele>5.1</ele><time>2026-06-07T00:04:56.000Z</time></trkpt>
<trkpt lat="31.20530642713087" lon="121.6419689899386"><ele>5.1</ele><time>2026-06-07T00:04:57.000Z</time></trkpt>
<trkpt lat="31.20528544230939" lon="121.6419659966878"><ele>5.1</ele><time>2026-06-07T00:04:58.000Z</time></trkpt>
<trkpt lat="31.2052634546613" lon="121.6419650001833"><ele>5.1</ele><time>2026-06-07T00:04:59.000Z</time></trkpt>
<trkpt lat="31.20524247149677" lon="121.6419610086004"><ele>5.1</ele><time>2026-06-07T00:05:00.000Z</time></trkpt>
<trkpt lat="31.20522148501957" lon="121.6419590136809"><ele>5.1</ele><time>2026-06-07T00:05:01.000Z</time></trkpt>
<trkpt lat="31.20519949737251" lon="121.6419580171763"><ele>5.1</ele><time>2026-06-07T00:05:02.000Z</time></trkpt>
<trkpt lat="31.20517750806948" lon="121.6419580190035"><ele>5.1</ele><time>2026-06-07T00:05:03.000Z</time></trkpt>
<trkpt lat="31.2051545192531" lon="121.6419580209137"><ele>5.1</ele><time>2026-06-07T00:05:04.000Z</time></trkpt>
<trkpt lat="31.20513353112098" lon="121.641957024326"><ele>5.1</ele><time>2026-06-07T00:05:05.000Z</time></trkpt>
<trkpt lat="31.20511154181916" lon="121.6419570261532"><ele>4.8</ele><time>2026-06-07T00:05:06.000Z</time></trkpt>
<trkpt lat="31.20509055203143" lon="121.6419570278973"><ele>4.8</ele><time>2026-06-07T00:05:07.000Z</time></trkpt>
<trkpt lat="31.20506956224408" lon="121.6419570296415"><ele>4.8</ele><time>2026-06-07T00:05:08.000Z</time></trkpt>
<trkpt lat="31.20504857411343" lon="121.6419560330537"><ele>4.8</ele><time>2026-06-07T00:05:09.000Z</time></trkpt>
<trkpt lat="31.20502658150047" lon="121.6419580315447"><ele>4.8</ele><time>2026-06-07T00:05:10.000Z</time></trkpt>
<trkpt lat="31.20500359103062" lon="121.6419590317868"><ele>4.8</ele><time>2026-06-07T00:05:11.000Z</time></trkpt>
<trkpt lat="31.20498159676194" lon="121.6419620286095"><ele>4.8</ele><time>2026-06-07T00:05:12.000Z</time></trkpt>
<trkpt lat="31.20495960414997" lon="121.6419640271002"><ele>4.8</ele><time>2026-06-07T00:05:13.000Z</time></trkpt>
<trkpt lat="31.2049386077388" lon="121.6419680221711"><ele>4.8</ele><time>2026-06-07T00:05:14.000Z</time></trkpt>
<trkpt lat="31.20491761298432" lon="121.6419710189101"><ele>4.8</ele><time>2026-06-07T00:05:15.000Z</time></trkpt>
<trkpt lat="31.20489661657334" lon="121.6419750139805"><ele>4.7</ele><time>2026-06-07T00:05:16.000Z</time></trkpt>
<trkpt lat="31.2048756168488" lon="121.6419810057132"><ele>4.7</ele><time>2026-06-07T00:05:17.000Z</time></trkpt>
<trkpt lat="31.20485561829434" lon="121.6419859990309"><ele>4.7</ele><time>2026-06-07T00:05:18.000Z</time></trkpt>
<trkpt lat="31.20483462022623" lon="121.641990992431"><ele>4.7</ele><time>2026-06-07T00:05:19.000Z</time></trkpt>
<trkpt lat="31.20481362050087" lon="121.6419969841617"><ele>4.7</ele><time>2026-06-07T00:05:20.000Z</time></trkpt>
<trkpt lat="31.20479362028861" lon="121.6420029758085"><ele>4.7</ele><time>2026-06-07T00:05:21.000Z</time></trkpt>
<trkpt lat="31.20477362173334" lon="121.6420079691237"><ele>4.7</ele><time>2026-06-07T00:05:22.000Z</time></trkpt>
<trkpt lat="31.20475362152044" lon="121.642013960769"><ele>4.7</ele><time>2026-06-07T00:05:23.000Z</time></trkpt>
<trkpt lat="31.20473362130716" lon="121.6420199524135"><ele>4.7</ele><time>2026-06-07T00:05:24.000Z</time></trkpt>
<trkpt lat="31.20471462226458" lon="121.6420249456439"><ele>4.7</ele><time>2026-06-07T00:05:25.000Z</time></trkpt>
<trkpt lat="31.20469562322181" lon="121.6420299388736"><ele>4.2</ele><time>2026-06-07T00:05:26.000Z</time></trkpt>
<trkpt lat="31.20467662417884" lon="121.6420349321028"><ele>4.2</ele><time>2026-06-07T00:05:27.000Z</time></trkpt>
<trkpt lat="31.20465862464901" lon="121.6420399252484"><ele>4.2</ele><time>2026-06-07T00:05:28.000Z</time></trkpt>
<trkpt lat="31.20464062511897" lon="121.6420449183934"><ele>4.2</ele><time>2026-06-07T00:05:29.000Z</time></trkpt>
<trkpt lat="31.20462262393049" lon="121.6420509098678"><ele>4.2</ele><time>2026-06-07T00:05:30.000Z</time></trkpt>
<trkpt lat="31.20460362322828" lon="121.6420569014243"><ele>4.2</ele><time>2026-06-07T00:05:31.000Z</time></trkpt>
<trkpt lat="31.2045846241841" lon="121.6420618946506"><ele>4.2</ele><time>2026-06-07T00:05:32.000Z</time></trkpt>
<trkpt lat="31.20456462562648" lon="121.6420668879593"><ele>4.2</ele><time>2026-06-07T00:05:33.000Z</time></trkpt>
<trkpt lat="31.20454363087267" lon="121.6420698846918"><ele>4.2</ele><time>2026-06-07T00:05:34.000Z</time></trkpt>
<trkpt lat="31.20452163660583" lon="121.6420728815071"><ele>4.2</ele><time>2026-06-07T00:05:35.000Z</time></trkpt>
<trkpt lat="31.20450064516978" lon="121.6420738815806"><ele>4.7</ele><time>2026-06-07T00:05:36.000Z</time></trkpt>
<trkpt lat="31.20447965705142" lon="121.6420728849954"><ele>4.7</ele><time>2026-06-07T00:05:37.000Z</time></trkpt>
<trkpt lat="31.20445867390919" lon="121.642068893422"><ele>4.7</ele><time>2026-06-07T00:05:38.000Z</time></trkpt>
<trkpt lat="31.2044386935971" lon="121.6420629051061"><ele>4.7</ele><time>2026-06-07T00:05:39.000Z</time></trkpt>
<trkpt lat="31.20441971611438" lon="121.6420549200469"><ele>4.7</ele><time>2026-06-07T00:05:40.000Z</time></trkpt>
<trkpt lat="31.20440174311812" lon="121.6420439399134"><ele>4.7</ele><time>2026-06-07T00:05:41.000Z</time></trkpt>
<trkpt lat="31.2043847729485" lon="121.6420309630337"><ele>4.7</ele><time>2026-06-07T00:05:42.000Z</time></trkpt>
<trkpt lat="31.20436780443332" lon="121.6420169878197"><ele>4.7</ele><time>2026-06-07T00:05:43.000Z</time></trkpt>
<trkpt lat="31.20435283825514" lon="121.6420010157733"><ele>4.7</ele><time>2026-06-07T00:05:44.000Z</time></trkpt>
<trkpt lat="31.20433887158513" lon="121.6419850436383"><ele>4.7</ele><time>2026-06-07T00:05:45.000Z</time></trkpt>
<trkpt lat="31.20432490822334" lon="121.6419670748342"><ele>5.7</ele><time>2026-06-07T00:05:46.000Z</time></trkpt>
<trkpt lat="31.20431094485528" lon="121.6419491060228"><ele>5.7</ele><time>2026-06-07T00:05:47.000Z</time></trkpt>
<trkpt lat="31.20429898216283" lon="121.6419301387057"><ele>5.7</ele><time>2026-06-07T00:05:48.000Z</time></trkpt>
<trkpt lat="31.20428702277416" lon="121.6419091747147"><ele>5.7</ele><time>2026-06-07T00:05:49.000Z</time></trkpt>
<trkpt lat="31.20427606619976" lon="121.6418862139638"><ele>5.7</ele><time>2026-06-07T00:05:50.000Z</time></trkpt>
<trkpt lat="31.20426610912794" lon="121.641863253118"><ele>5.7</ele><time>2026-06-07T00:05:51.000Z</time></trkpt>
<trkpt lat="31.20425715486666" lon="121.6418382955084"><ele>5.7</ele><time>2026-06-07T00:05:52.000Z</time></trkpt>
<trkpt lat="31.20424920175944" lon="121.6418123394666"><ele>5.7</ele><time>2026-06-07T00:05:53.000Z</time></trkpt>
<trkpt lat="31.20424024581988" lon="121.6417883801642"><ele>5.7</ele><time>2026-06-07T00:05:54.000Z</time></trkpt>
<trkpt lat="31.20423029035589" lon="121.6417644209319"><ele>5.7</ele><time>2026-06-07T00:05:55.000Z</time></trkpt>
<trkpt lat="31.20421933371549" lon="121.6417414601065"><ele>7.1</ele><time>2026-06-07T00:05:56.000Z</time></trkpt>
<trkpt lat="31.204208375413" lon="121.6417194976065"><ele>7.1</ele><time>2026-06-07T00:05:57.000Z</time></trkpt>
<trkpt lat="31.20419541807503" lon="121.6416975352618"><ele>7.1</ele><time>2026-06-07T00:05:58.000Z</time></trkpt>
<trkpt lat="31.20418245907677" lon="121.6416765712443"><ele>7.1</ele><time>2026-06-07T00:05:59.000Z</time></trkpt>
<trkpt lat="31.20417050123303" lon="121.6416546087953"><ele>7.1</ele><time>2026-06-07T00:06:00.000Z</time></trkpt>
<trkpt lat="31.20415754386679" lon="121.6416326464184"><ele>7.1</ele><time>2026-06-07T00:06:01.000Z</time></trkpt>
<trkpt lat="31.20414458649096" lon="121.6416106840306"><ele>7.1</ele><time>2026-06-07T00:06:02.000Z</time></trkpt>
<trkpt lat="31.20413262696945" lon="121.641589719889"><ele>7.1</ele><time>2026-06-07T00:06:03.000Z</time></trkpt>
<trkpt lat="31.20411966627773" lon="121.6415697541612"><ele>7.1</ele><time>2026-06-07T00:06:04.000Z</time></trkpt>
<trkpt lat="31.20410570441703" lon="121.6415507868484"><ele>7.1</ele><time>2026-06-07T00:06:05.000Z</time></trkpt>
<trkpt lat="31.20409173925352" lon="121.6415338162103"><ele>6</ele><time>2026-06-07T00:06:06.000Z</time></trkpt>
<trkpt lat="31.20407777408435" lon="121.6415168455656"><ele>6</ele><time>2026-06-07T00:06:07.000Z</time></trkpt>
<trkpt lat="31.20406280939668" lon="121.6414998749975"><ele>6</ele><time>2026-06-07T00:06:08.000Z</time></trkpt>
<trkpt lat="31.2040468435437" lon="121.6414839028485"><ele>6</ele><time>2026-06-07T00:06:09.000Z</time></trkpt>
<trkpt lat="31.20402987652641" lon="121.6414689291195"><ele>6</ele><time>2026-06-07T00:06:10.000Z</time></trkpt>
<trkpt lat="31.20401290785855" lon="121.6414549537287"><ele>6</ele><time>2026-06-07T00:06:11.000Z</time></trkpt>
<trkpt lat="31.20399394016141" lon="121.6414409784995"><ele>6</ele><time>2026-06-07T00:06:12.000Z</time></trkpt>
<trkpt lat="31.20397497081489" lon="121.6414280016097"><ele>6</ele><time>2026-06-07T00:06:13.000Z</time></trkpt>
<trkpt lat="31.20395699933253" lon="121.6414160229771"><ele>6</ele><time>2026-06-07T00:06:14.000Z</time></trkpt>
<trkpt lat="31.20393702882206" lon="121.6414040445073"><ele>6</ele><time>2026-06-07T00:06:15.000Z</time></trkpt>
<trkpt lat="31.203917056664" lon="121.6413930643789"><ele>5.4</ele><time>2026-06-07T00:06:16.000Z</time></trkpt>
<trkpt lat="31.2038970812142" lon="121.6413840809373"><ele>5.4</ele><time>2026-06-07T00:06:17.000Z</time></trkpt>
<trkpt lat="31.20387610296108" lon="121.641377094267"><ele>5.4</ele><time>2026-06-07T00:06:18.000Z</time></trkpt>
<trkpt lat="31.20385412190553" lon="121.6413721043687"><ele>5.4</ele><time>2026-06-07T00:06:19.000Z</time></trkpt>
<trkpt lat="31.20383213756085" lon="121.6413691111602"><ele>5.4</ele><time>2026-06-07T00:06:20.000Z</time></trkpt>
<trkpt lat="31.2038091520593" lon="121.6413671163798"><ele>5.4</ele><time>2026-06-07T00:06:21.000Z</time></trkpt>
<trkpt lat="31.20378616491364" lon="121.6413661199445"><ele>5.4</ele><time>2026-06-07T00:06:22.000Z</time></trkpt>
<trkpt lat="31.20376317612396" lon="121.6413661218544"><ele>5.4</ele><time>2026-06-07T00:06:23.000Z</time></trkpt>
<trkpt lat="31.20374018897916" lon="121.6413651254191"><ele>5.4</ele><time>2026-06-07T00:06:24.000Z</time></trkpt>
<trkpt lat="31.20371620067781" lon="121.641365127412"><ele>5.4</ele><time>2026-06-07T00:06:25.000Z</time></trkpt>
<trkpt lat="31.20369221073247" lon="121.6413661277502"><ele>4.9</ele><time>2026-06-07T00:06:26.000Z</time></trkpt>
<trkpt lat="31.2036682191431" lon="121.6413681264335"><ele>4.9</ele><time>2026-06-07T00:06:27.000Z</time></trkpt>
<trkpt lat="31.20364522542205" lon="121.6413711233789"><ele>4.9</ele><time>2026-06-07T00:06:28.000Z</time></trkpt>
<trkpt lat="31.20362322792444" lon="121.641376116931"><ele>4.9</ele><time>2026-06-07T00:06:29.000Z</time></trkpt>
<trkpt lat="31.20360122878193" lon="121.6413821088274"><ele>4.9</ele><time>2026-06-07T00:06:30.000Z</time></trkpt>
<trkpt lat="31.2035802242167" lon="121.641391095674"><ele>4.9</ele><time>2026-06-07T00:06:31.000Z</time></trkpt>
<trkpt lat="31.2035592196502" lon="121.6414000825189"><ele>4.9</ele><time>2026-06-07T00:06:32.000Z</time></trkpt>
<trkpt lat="31.20353920965872" lon="121.6414120643114"><ele>4.9</ele><time>2026-06-07T00:06:33.000Z</time></trkpt>
<trkpt lat="31.20351919966465" lon="121.6414240461007"><ele>4.9</ele><time>2026-06-07T00:06:34.000Z</time></trkpt>
<trkpt lat="31.20349718899738" lon="121.6414370263965"><ele>4.9</ele><time>2026-06-07T00:06:35.000Z</time></trkpt>
<trkpt lat="31.20347718064408" lon="121.6414480098357"><ele>4.6</ele><time>2026-06-07T00:06:36.000Z</time></trkpt>
<trkpt lat="31.20345617112997" lon="121.6414599916983"><ele>4.6</ele><time>2026-06-07T00:06:37.000Z</time></trkpt>
<trkpt lat="31.20343516325992" lon="121.6414709752148"><ele>4.6</ele><time>2026-06-07T00:06:38.000Z</time></trkpt>
<trkpt lat="31.20341515490009" lon="121.6414819586455"><ele>4.6</ele><time>2026-06-07T00:06:39.000Z</time></trkpt>
<trkpt lat="31.20339514653815" lon="121.6414929420736"><ele>4.6</ele><time>2026-06-07T00:06:40.000Z</time></trkpt>
<trkpt lat="31.20337514146857" lon="121.6415019288146"><ele>4.6</ele><time>2026-06-07T00:06:41.000Z</time></trkpt>
<trkpt lat="31.20335513475028" lon="121.6415119138957"><ele>4.6</ele><time>2026-06-07T00:06:42.000Z</time></trkpt>
<trkpt lat="31.20333613083774" lon="121.6415199022082"><ele>4.6</ele><time>2026-06-07T00:06:43.000Z</time></trkpt>
<trkpt lat="31.20331612576424" lon="121.6415288889437"><ele>4.6</ele><time>2026-06-07T00:06:44.000Z</time></trkpt>
<trkpt lat="31.20329611904148" lon="121.6415388740188"><ele>4.6</ele><time>2026-06-07T00:06:45.000Z</time></trkpt>
<trkpt lat="31.20327611066887" lon="121.6415498574327"><ele>4.4</ele><time>2026-06-07T00:06:46.000Z</time></trkpt>
<trkpt lat="31.20325610064573" lon="121.6415618391847"><ele>4.4</ele><time>2026-06-07T00:06:47.000Z</time></trkpt>
<trkpt lat="31.20323708518607" lon="121.6415768158718"><ele>4.4</ele><time>2026-06-07T00:06:48.000Z</time></trkpt>
<trkpt lat="31.20321707185907" lon="121.6415907942968"><ele>4.4</ele><time>2026-06-07T00:06:49.000Z</time></trkpt>
<trkpt lat="31.20319605901635" lon="121.6416047728005"><ele>4.4</ele><time>2026-06-07T00:06:50.000Z</time></trkpt>
<trkpt lat="31.20317504617005" lon="121.6416187512998"><ele>4.4</ele><time>2026-06-07T00:06:51.000Z</time></trkpt>
<trkpt lat="31.20315303545794" lon="121.6416317315384"><ele>4.4</ele><time>2026-06-07T00:06:52.000Z</time></trkpt>
<trkpt lat="31.20313102639292" lon="121.6416437134344"><ele>4.4</ele><time>2026-06-07T00:06:53.000Z</time></trkpt>
<trkpt lat="31.20310701995165" lon="121.6416546971545"><ele>4.4</ele><time>2026-06-07T00:06:54.000Z</time></trkpt>
<trkpt lat="31.20308301515893" lon="121.6416646825335"><ele>4.4</ele><time>2026-06-07T00:06:55.000Z</time></trkpt>
<trkpt lat="31.20306000987668" lon="121.6416746678271"><ele>5.5</ele><time>2026-06-07T00:06:56.000Z</time></trkpt>
<trkpt lat="31.20303600508088" lon="121.6416846532016"><ele>5.5</ele><time>2026-06-07T00:06:57.000Z</time></trkpt>
<trkpt lat="31.20301299814441" lon="121.6416956368286"><ele>5.5</ele><time>2026-06-07T00:06:58.000Z</time></trkpt>
<trkpt lat="31.20298998790323" lon="121.6417086171279"><ele>5.5</ele><time>2026-06-07T00:06:59.000Z</time></trkpt>
<trkpt lat="31.2029669776591" lon="121.6417215974234"><ele>5.5</ele><time>2026-06-07T00:07:00.000Z</time></trkpt>
<trkpt lat="31.20294496362009" lon="121.6417365743059"><ele>5.5</ele><time>2026-06-07T00:07:01.000Z</time></trkpt>
<trkpt lat="31.20292294957698" lon="121.6417515511834"><ele>5.5</ele><time>2026-06-07T00:07:02.000Z</time></trkpt>
<trkpt lat="31.20290093387722" lon="121.641767526392"><ele>5.5</ele><time>2026-06-07T00:07:03.000Z</time></trkpt>
<trkpt lat="31.2028799160317" lon="121.6417844998476"><ele>5.5</ele><time>2026-06-07T00:07:04.000Z</time></trkpt>
<trkpt lat="31.20285789866895" lon="121.6418014733799"><ele>5.5</ele><time>2026-06-07T00:07:05.000Z</time></trkpt>
<trkpt lat="31.20283687750544" lon="121.6418204434927"><ele>5.1</ele><time>2026-06-07T00:07:06.000Z</time></trkpt>
<trkpt lat="31.20281685253885" lon="121.6418414101835"><ele>5.1</ele><time>2026-06-07T00:07:07.000Z</time></trkpt>
<trkpt lat="31.20279882493291" lon="121.6418633750324"><ele>5.1</ele><time>2026-06-07T00:07:08.000Z</time></trkpt>
<trkpt lat="31.20278079731759" lon="121.6418853398706"><ele>5.1</ele><time>2026-06-07T00:07:09.000Z</time></trkpt>
<trkpt lat="31.2027637675493" lon="121.641908302948"><ele>5.1</ele><time>2026-06-07T00:07:10.000Z</time></trkpt>
<trkpt lat="31.20275173532945" lon="121.6419312655984"><ele>5.1</ele><time>2026-06-07T00:07:11.000Z</time></trkpt>
<trkpt lat="31.2027447006579" lon="121.6419542278218"><ele>5.1</ele><time>2026-06-07T00:07:12.000Z</time></trkpt>
<trkpt lat="31.20274266353457" lon="121.6419771896182"><ele>5.1</ele><time>2026-06-07T00:07:13.000Z</time></trkpt>
<trkpt lat="31.20274462279049" lon="121.6420011494017"><ele>5.1</ele><time>2026-06-07T00:07:14.000Z</time></trkpt>
<trkpt lat="31.20275257744777" lon="121.6420261070045"><ele>5.1</ele><time>2026-06-07T00:07:15.000Z</time></trkpt>
<trkpt lat="31.20275953258097" lon="121.6420510646766"><ele>4.7</ele><time>2026-06-07T00:07:16.000Z</time></trkpt>
<trkpt lat="31.20276648936053" lon="121.6420750240054"><ele>4.7</ele><time>2026-06-07T00:07:17.000Z</time></trkpt>
<trkpt lat="31.20277544515228" lon="121.6420989831555"><ele>4.7</ele><time>2026-06-07T00:07:18.000Z</time></trkpt>
<trkpt lat="31.20278440425195" lon="121.6421209456362"><ele>4.7</ele><time>2026-06-07T00:07:19.000Z</time></trkpt>
<trkpt lat="31.20279536402572" lon="121.6421419096123"><ele>4.7</ele><time>2026-06-07T00:07:20.000Z</time></trkpt>
<trkpt lat="31.20280732496309" lon="121.6421618751682"><ele>4.7</ele><time>2026-06-07T00:07:21.000Z</time></trkpt>
<trkpt lat="31.20282029038679" lon="121.6421788456513"><ele>4.7</ele><time>2026-06-07T00:07:22.000Z</time></trkpt>
<trkpt lat="31.20283425863887" lon="121.6421938193915"><ele>4.7</ele><time>2026-06-07T00:07:23.000Z</time></trkpt>
<trkpt lat="31.20285022757165" lon="121.6422077946344"><ele>4.7</ele><time>2026-06-07T00:07:24.000Z</time></trkpt>
<trkpt lat="31.20286620148544" lon="121.6422187748945"><ele>4.7</ele><time>2026-06-07T00:07:25.000Z</time></trkpt>
<trkpt lat="31.20288317490892" lon="121.6422297550689"><ele>5</ele><time>2026-06-07T00:07:26.000Z</time></trkpt>
<trkpt lat="31.2028971448087" lon="121.6422437304667"><ele>5</ele><time>2026-06-07T00:07:27.000Z</time></trkpt>
<trkpt lat="31.20290810951985" lon="121.6422616994104"><ele>5</ele><time>2026-06-07T00:07:28.000Z</time></trkpt>
<trkpt lat="31.20291707021271" lon="121.6422826634874"><ele>5</ele><time>2026-06-07T00:07:29.000Z</time></trkpt>
<trkpt lat="31.20292302737166" lon="121.6423066227766"><ele>5</ele><time>2026-06-07T00:07:30.000Z</time></trkpt>
<trkpt lat="31.20292798001621" lon="121.6423335771072"><ele>5</ele><time>2026-06-07T00:07:31.000Z</time></trkpt>
<trkpt lat="31.20293493499888" lon="121.6423585346096"><ele>5</ele><time>2026-06-07T00:07:32.000Z</time></trkpt>
<trkpt lat="31.20294489016982" lon="121.6423824935267"><ele>5</ele><time>2026-06-07T00:07:33.000Z</time></trkpt>
<trkpt lat="31.2029568476838" lon="121.6424044556209"><ele>5</ele><time>2026-06-07T00:07:34.000Z</time></trkpt>
<trkpt lat="31.2029708042123" lon="121.6424264175385"><ele>5</ele><time>2026-06-07T00:07:35.000Z</time></trkpt>
<trkpt lat="31.20298576524145" lon="121.6424453843989"><ele>5.4</ele><time>2026-06-07T00:07:36.000Z</time></trkpt>
<trkpt lat="31.20300172577571" lon="121.6424643511685"><ele>5.4</ele><time>2026-06-07T00:07:37.000Z</time></trkpt>
<trkpt lat="31.20301668679117" lon="121.6424833180132"><ele>5.4</ele><time>2026-06-07T00:07:38.000Z</time></trkpt>
<trkpt lat="31.20302964710876" lon="121.6425032833361"><ele>5.4</ele><time>2026-06-07T00:07:39.000Z</time></trkpt>
<trkpt lat="31.20304060672722" lon="121.6425242471359"><ele>5.4</ele><time>2026-06-07T00:07:40.000Z</time></trkpt>
<trkpt lat="31.20304956397736" lon="121.6425472077302"><ele>5.4</ele><time>2026-06-07T00:07:41.000Z</time></trkpt>
<trkpt lat="31.20305551934446" lon="121.642572165199"><ele>5.4</ele><time>2026-06-07T00:07:42.000Z</time></trkpt>
<trkpt lat="31.20306047351852" lon="121.6425981210552"><ele>5.4</ele><time>2026-06-07T00:07:43.000Z</time></trkpt>
<trkpt lat="31.2030654276795" lon="121.6426240768968"><ele>5.4</ele><time>2026-06-07T00:07:44.000Z</time></trkpt>
<trkpt lat="31.20306938398534" lon="121.64264903449"><ele>5.4</ele><time>2026-06-07T00:07:45.000Z</time></trkpt>
<trkpt lat="31.20307333860867" lon="121.6426749903859"><ele>5.2</ele><time>2026-06-07T00:07:46.000Z</time></trkpt>
<trkpt lat="31.20307729488988" lon="121.6426999479516"><ele>5.2</ele><time>2026-06-07T00:07:47.000Z</time></trkpt>
<trkpt lat="31.20308125115903" lon="121.6427249055038"><ele>5.2</ele><time>2026-06-07T00:07:48.000Z</time></trkpt>
<trkpt lat="31.20308420623223" lon="121.6427508614401"><ele>5.2</ele><time>2026-06-07T00:07:49.000Z</time></trkpt>
<trkpt lat="31.20308716463717" lon="121.6427748207338"><ele>5.2</ele><time>2026-06-07T00:07:50.000Z</time></trkpt>
<trkpt lat="31.20309012135819" lon="121.6427997783287"><ele>5.2</ele><time>2026-06-07T00:07:51.000Z</time></trkpt>
<trkpt lat="31.20309307806719" lon="121.6428247359101"><ele>5.2</ele><time>2026-06-07T00:07:52.000Z</time></trkpt>
<trkpt lat="31.2030970376238" lon="121.6428476967701"><ele>5.2</ele><time>2026-06-07T00:07:53.000Z</time></trkpt>
<trkpt lat="31.2031009938218" lon="121.6428726542427"><ele>5.2</ele><time>2026-06-07T00:07:54.000Z</time></trkpt>
<trkpt lat="31.20310495168255" lon="121.6428966133905"><ele>5.2</ele><time>2026-06-07T00:07:55.000Z</time></trkpt>
<trkpt lat="31.20310890953226" lon="121.642920572526"><ele>4</ele><time>2026-06-07T00:07:56.000Z</time></trkpt>
<trkpt lat="31.20311186618329" lon="121.6429455300426"><ele>4</ele><time>2026-06-07T00:07:57.000Z</time></trkpt>
<trkpt lat="31.20311382331031" lon="121.6429704876288"><ele>4</ele><time>2026-06-07T00:07:58.000Z</time></trkpt>
<trkpt lat="31.20311477923674" lon="121.6429964435941"><ele>4</ele><time>2026-06-07T00:07:59.000Z</time></trkpt>
<trkpt lat="31.20311373948036" lon="121.6430204030937"><ele>4</ele><time>2026-06-07T00:08:00.000Z</time></trkpt>
<trkpt lat="31.20310969949931" lon="121.6430453611384"><ele>4</ele><time>2026-06-07T00:08:01.000Z</time></trkpt>
<trkpt lat="31.20310166481423" lon="121.6430683228866"><ele>4</ele><time>2026-06-07T00:08:02.000Z</time></trkpt>
<trkpt lat="31.20309063493986" lon="121.6430892882583"><ele>4</ele><time>2026-06-07T00:08:03.000Z</time></trkpt>
<trkpt lat="31.20307660819993" lon="121.6431092555629"><ele>4</ele><time>2026-06-07T00:08:04.000Z</time></trkpt>
<trkpt lat="31.20306058578681" lon="121.6431272264123"><ele>4</ele><time>2026-06-07T00:08:05.000Z</time></trkpt>
<trkpt lat="31.20304156651123" lon="121.6431441991979"><ele>3.9</ele><time>2026-06-07T00:08:06.000Z</time></trkpt>
<trkpt lat="31.20302055324571" lon="121.6431581772261"><ele>3.9</ele><time>2026-06-07T00:08:07.000Z</time></trkpt>
<trkpt lat="31.20299954501666" lon="121.6431691603335"><ele>3.9</ele><time>2026-06-07T00:08:08.000Z</time></trkpt>
<trkpt lat="31.20297753895385" lon="121.643179145216"><ele>3.9</ele><time>2026-06-07T00:08:09.000Z</time></trkpt>
<trkpt lat="31.20295553625009" lon="121.643187133486"><ele>3.9</ele><time>2026-06-07T00:08:10.000Z</time></trkpt>
<trkpt lat="31.20293353522591" lon="121.6431941234496"><ele>3.9</ele><time>2026-06-07T00:08:11.000Z</time></trkpt>
<trkpt lat="31.20291253539359" lon="121.6432001150241"><ele>3.9</ele><time>2026-06-07T00:08:12.000Z</time></trkpt>
<trkpt lat="31.20289053436847" lon="121.6432071049858"><ele>3.9</ele><time>2026-06-07T00:08:13.000Z</time></trkpt>
<trkpt lat="31.20286953453542" lon="121.6432130965587"><ele>3.9</ele><time>2026-06-07T00:08:14.000Z</time></trkpt>
<trkpt lat="31.20284753182847" lon="121.643221084823"><ele>3.9</ele><time>2026-06-07T00:08:15.000Z</time></trkpt>
<trkpt lat="31.20282552912072" lon="121.6432290730859"><ele>3.6</ele><time>2026-06-07T00:08:16.000Z</time></trkpt>
<trkpt lat="31.20280452256151" lon="121.6432390578727"><ele>3.6</ele><time>2026-06-07T00:08:17.000Z</time></trkpt>
<trkpt lat="31.20278251312612" lon="121.6432510393483"><ele>3.6</ele><time>2026-06-07T00:08:18.000Z</time></trkpt>
<trkpt lat="31.20276250103022" lon="121.6432640189582"><ele>3.6</ele><time>2026-06-07T00:08:19.000Z</time></trkpt>
<trkpt lat="31.20274348676123" lon="121.6432779967849"><ele>3.6</ele><time>2026-06-07T00:08:20.000Z</time></trkpt>
<trkpt lat="31.2027244708066" lon="121.6432929729104"><ele>3.6</ele><time>2026-06-07T00:08:21.000Z</time></trkpt>
<trkpt lat="31.20270745387143" lon="121.6433079488651"><ele>3.6</ele><time>2026-06-07T00:08:22.000Z</time></trkpt>
<trkpt lat="31.20269043524943" lon="121.6433239231174"><ele>3.6</ele><time>2026-06-07T00:08:23.000Z</time></trkpt>
<trkpt lat="31.20267242384358" lon="121.6433359042392"><ele>3.6</ele><time>2026-06-07T00:08:24.000Z</time></trkpt>
<trkpt lat="31.20265541026365" lon="121.6433488835767"><ele>3.6</ele><time>2026-06-07T00:08:25.000Z</time></trkpt>
<trkpt lat="31.20263839836432" lon="121.6433608646091"><ele>3.4</ele><time>2026-06-07T00:08:26.000Z</time></trkpt>
<trkpt lat="31.20262138309496" lon="121.6433748422411"><ele>3.4</ele><time>2026-06-07T00:08:27.000Z</time></trkpt>
<trkpt lat="31.20260636516133" lon="121.6433898180038"><ele>3.4</ele><time>2026-06-07T00:08:28.000Z</time></trkpt>
<trkpt lat="31.20259233831321" lon="121.6434097851816"><ele>3.4</ele><time>2026-06-07T00:08:29.000Z</time></trkpt>
<trkpt lat="31.2025793092845" lon="121.6434307505681"><ele>3.4</ele><time>2026-06-07T00:08:30.000Z</time></trkpt>
<trkpt lat="31.20256627856239" lon="121.643452714245"><ele>3.4</ele><time>2026-06-07T00:08:31.000Z</time></trkpt>
<trkpt lat="31.20255424565724" lon="121.6434756761278"><ele>3.4</ele><time>2026-06-07T00:08:32.000Z</time></trkpt>
<trkpt lat="31.20254321056774" lon="121.6434996362151"><ele>3.4</ele><time>2026-06-07T00:08:33.000Z</time></trkpt>
<trkpt lat="31.20253117764257" lon="121.6435225980754"><ele>3.4</ele><time>2026-06-07T00:08:34.000Z</time></trkpt>
<trkpt lat="31.20252213986824" lon="121.6435475562707"><ele>3.4</ele><time>2026-06-07T00:08:35.000Z</time></trkpt>
<trkpt lat="31.2025131020823" lon="121.643572514453"><ele>3.4</ele><time>2026-06-07T00:08:36.000Z</time></trkpt>
<trkpt lat="31.20250406597273" lon="121.6435964743257"><ele>3.4</ele><time>2026-06-07T00:08:37.000Z</time></trkpt>
<trkpt lat="31.2024960276756" lon="121.6436214323994"><ele>3.4</ele><time>2026-06-07T00:08:38.000Z</time></trkpt>
<trkpt lat="31.20248898887841" lon="121.6436463903771"><ele>3.4</ele><time>2026-06-07T00:08:39.000Z</time></trkpt>
<trkpt lat="31.20248095224746" lon="121.6436703501297"><ele>3.4</ele><time>2026-06-07T00:08:40.000Z</time></trkpt>
<trkpt lat="31.20247491124927" lon="121.6436963062934"><ele>3.4</ele><time>2026-06-07T00:08:41.000Z</time></trkpt>
<trkpt lat="31.20246887023856" lon="121.6437222624432"><ele>3.4</ele><time>2026-06-07T00:08:42.000Z</time></trkpt>
<trkpt lat="31.20246482992913" lon="121.6437472201192"><ele>3.4</ele><time>2026-06-07T00:08:43.000Z</time></trkpt>
<trkpt lat="31.20246078622563" lon="121.6437741743683"><ele>3.4</ele><time>2026-06-07T00:08:44.000Z</time></trkpt>
<trkpt lat="31.20245674420039" lon="121.6438001303099"><ele>3.4</ele><time>2026-06-07T00:08:45.000Z</time></trkpt>
<trkpt lat="31.20245370167417" lon="121.6438260861545"><ele>3.6</ele><time>2026-06-07T00:08:46.000Z</time></trkpt>
<trkpt lat="31.20245165864696" lon="121.6438520419021"><ele>3.6</ele><time>2026-06-07T00:08:47.000Z</time></trkpt>
<trkpt lat="31.20244961560728" lon="121.6438779976358"><ele>3.6</ele><time>2026-06-07T00:08:48.000Z</time></trkpt>
<trkpt lat="31.20244957327178" lon="121.6439029548991"><ele>3.6</ele><time>2026-06-07T00:08:49.000Z</time></trkpt>
<trkpt lat="31.20245052874215" lon="121.6439289103563"><ele>3.6</ele><time>2026-06-07T00:08:50.000Z</time></trkpt>
<trkpt lat="31.20245348152846" lon="121.6439558639226"><ele>3.6</ele><time>2026-06-07T00:08:51.000Z</time></trkpt>
<trkpt lat="31.20245743550799" lon="121.6439818191022"><ele>3.6</ele><time>2026-06-07T00:08:52.000Z</time></trkpt>
<trkpt lat="31.20246238898662" lon="121.6440077741849"><ele>3.6</ele><time>2026-06-07T00:08:53.000Z</time></trkpt>
<trkpt lat="31.20246834366044" lon="121.644032730883"><ele>3.6</ele><time>2026-06-07T00:08:54.000Z</time></trkpt>
<trkpt lat="31.20247629904236" lon="121.6440566891151"><ele>3.6</ele><time>2026-06-07T00:08:55.000Z</time></trkpt>
<trkpt lat="31.20248525562222" lon="121.6440796489657"><ele>3.5</ele><time>2026-06-07T00:08:56.000Z</time></trkpt>
<trkpt lat="31.20249521679589" lon="121.6440996138638"><ele>3.5</ele><time>2026-06-07T00:08:57.000Z</time></trkpt>
<trkpt lat="31.20250617917149" lon="121.6441185803848"><ele>3.5</ele><time>2026-06-07T00:08:58.000Z</time></trkpt>
<trkpt lat="31.20251714154059" lon="121.6441375468984"><ele>3.5</ele><time>2026-06-07T00:08:59.000Z</time></trkpt>
<trkpt lat="31.20252910511308" lon="121.6441555150365"><ele>3.5</ele><time>2026-06-07T00:09:00.000Z</time></trkpt>
<trkpt lat="31.20254306770291" lon="121.6441734830019"><ele>3.5</ele><time>2026-06-07T00:09:01.000Z</time></trkpt>
<trkpt lat="31.20255703198594" lon="121.6441904526762"><ele>3.5</ele><time>2026-06-07T00:09:02.000Z</time></trkpt>
<trkpt lat="31.20257199577547" lon="121.6442074222616"><ele>3.5</ele><time>2026-06-07T00:09:03.000Z</time></trkpt>
<trkpt lat="31.20258696125946" lon="121.6442233935574"><ele>3.5</ele><time>2026-06-07T00:09:04.000Z</time></trkpt>
<trkpt lat="31.20260193013858" lon="121.6442373682812"><ele>3.5</ele><time>2026-06-07T00:09:05.000Z</time></trkpt>
<trkpt lat="31.20261790022599" lon="121.6442503446347"><ele>4.2</ele><time>2026-06-07T00:09:06.000Z</time></trkpt>
<trkpt lat="31.20263287079888" lon="121.6442633210679"><ele>4.2</ele><time>2026-06-07T00:09:07.000Z</time></trkpt>
<trkpt lat="31.20264883918006" lon="121.6442772956972"><ele>4.2</ele><time>2026-06-07T00:09:08.000Z</time></trkpt>
<trkpt lat="31.20266380464466" lon="121.6442932669703"><ele>4.2</ele><time>2026-06-07T00:09:09.000Z</time></trkpt>
<trkpt lat="31.2026797679154" lon="121.644310236437"><ele>4.2</ele><time>2026-06-07T00:09:10.000Z</time></trkpt>
<trkpt lat="31.20269372875484" lon="121.6443292026273"><ele>4.2</ele><time>2026-06-07T00:09:11.000Z</time></trkpt>
<trkpt lat="31.20270868739782" lon="121.6443491670084"><ele>4.2</ele><time>2026-06-07T00:09:12.000Z</time></trkpt>
<trkpt lat="31.20272164871247" lon="121.6443681332668"><ele>4.2</ele><time>2026-06-07T00:09:13.000Z</time></trkpt>
<trkpt lat="31.20273560612743" lon="121.6443890959956"><ele>4.2</ele><time>2026-06-07T00:09:14.000Z</time></trkpt>
<trkpt lat="31.20274856402283" lon="121.6444100587986"><ele>4.2</ele><time>2026-06-07T00:09:15.000Z</time></trkpt>
<trkpt lat="31.20276152191042" lon="121.6444310215928"><ele>5.4</ele><time>2026-06-07T00:09:16.000Z</time></trkpt>
<trkpt lat="31.20277447638282" lon="121.6444539809362"><ele>5.4</ele><time>2026-06-07T00:09:17.000Z</time></trkpt>
<trkpt lat="31.20278743254994" lon="121.6444759419903"><ele>5.4</ele><time>2026-06-07T00:09:18.000Z</time></trkpt>
<trkpt lat="31.20279938919671" lon="121.6444979031179"><ele>5.4</ele><time>2026-06-07T00:09:19.000Z</time></trkpt>
<trkpt lat="31.20281234364178" lon="121.6445208624304"><ele>5.4</ele><time>2026-06-07T00:09:20.000Z</time></trkpt>
<trkpt lat="31.20282429856568" lon="121.6445438218153"><ele>5.4</ele><time>2026-06-07T00:09:21.000Z</time></trkpt>
<trkpt lat="31.20283725469775" lon="121.6445657828298"><ele>5.4</ele><time>2026-06-07T00:09:22.000Z</time></trkpt>
<trkpt lat="31.20284920960333" lon="121.644588742194"><ele>5.4</ele><time>2026-06-07T00:09:23.000Z</time></trkpt>
<trkpt lat="31.202861162793" lon="121.6446126998236"><ele>5.4</ele><time>2026-06-07T00:09:24.000Z</time></trkpt>
<trkpt lat="31.20287211646063" lon="121.6446366575248"><ele>5.4</ele><time>2026-06-07T00:09:25.000Z</time></trkpt>
<trkpt lat="31.20288306841063" lon="121.6446616134894"><ele>6</ele><time>2026-06-07T00:09:26.000Z</time></trkpt>
<trkpt lat="31.20289402034957" lon="121.6446865694416"><ele>6</ele><time>2026-06-07T00:09:27.000Z</time></trkpt>
<trkpt lat="31.20290497398578" lon="121.6447105271074"><ele>6</ele><time>2026-06-07T00:09:28.000Z</time></trkpt>
<trkpt lat="31.20291592761182" lon="121.6447344847617"><ele>6</ele><time>2026-06-07T00:09:29.000Z</time></trkpt>
<trkpt lat="31.20292687951853" lon="121.6447594406776"><ele>6</ele><time>2026-06-07T00:09:30.000Z</time></trkpt>
<trkpt lat="31.20293783312385" lon="121.6447833983086"><ele>6</ele><time>2026-06-07T00:09:31.000Z</time></trkpt>
<trkpt lat="31.20294878329891" lon="121.6448093524722"><ele>6</ele><time>2026-06-07T00:09:32.000Z</time></trkpt>
<trkpt lat="31.20295773614877" lon="121.6448343085172"><ele>6</ele><time>2026-06-07T00:09:33.000Z</time></trkpt>
<trkpt lat="31.20296268922894" lon="121.6448602631532"><ele>6</ele><time>2026-06-07T00:09:34.000Z</time></trkpt>
<trkpt lat="31.20296464376138" lon="121.6448862180251"><ele>6</ele><time>2026-06-07T00:09:35.000Z</time></trkpt>
<trkpt lat="31.202964599258" lon="121.64491217305"><ele>4.5</ele><time>2026-06-07T00:09:36.000Z</time></trkpt>
<trkpt lat="31.20296455131793" lon="121.6449401246003"><ele>4.5</ele><time>2026-06-07T00:09:37.000Z</time></trkpt>
<trkpt lat="31.20296350556498" lon="121.6449670779495"><ele>4.5</ele><time>2026-06-07T00:09:38.000Z</time></trkpt>
<trkpt lat="31.20296545490822" lon="121.6449960275717"><ele>4.5</ele><time>2026-06-07T00:09:39.000Z</time></trkpt>
<trkpt lat="31.20296940326051" lon="121.6450249770111"><ele>4.5</ele><time>2026-06-07T00:09:40.000Z</time></trkpt>
<trkpt lat="31.20297335331241" lon="121.645052928167"><ele>4.5</ele><time>2026-06-07T00:09:41.000Z</time></trkpt>
<trkpt lat="31.20297830286249" lon="121.6450808792244"><ele>4.5</ele><time>2026-06-07T00:09:42.000Z</time></trkpt>
<trkpt lat="31.20298425191077" lon="121.6451088301833"><ele>4.5</ele><time>2026-06-07T00:09:43.000Z</time></trkpt>
<trkpt lat="31.20299120045729" lon="121.6451367810439"><ele>4.5</ele><time>2026-06-07T00:09:44.000Z</time></trkpt>
<trkpt lat="31.20300014973036" lon="121.645163733458"><ele>4.5</ele><time>2026-06-07T00:09:45.000Z</time></trkpt>
<trkpt lat="31.20301109801469" lon="121.6451906856916"><ele>4.6</ele><time>2026-06-07T00:09:46.000Z</time></trkpt>
<trkpt lat="31.20302404531033" lon="121.6452176377449"><ele>4.6</ele><time>2026-06-07T00:09:47.000Z</time></trkpt>
<trkpt lat="31.20303799554082" lon="121.645242593174"><ele>4.6</ele><time>2026-06-07T00:09:48.000Z</time></trkpt>
<trkpt lat="31.20305494429658" lon="121.6452675483416"><ele>4.6</ele><time>2026-06-07T00:09:49.000Z</time></trkpt>
<trkpt lat="31.20307390237689" lon="121.6452865137555"><ele>4.6</ele><time>2026-06-07T00:09:50.000Z</time></trkpt>
<trkpt lat="31.20309387027575" lon="121.6452994895056"><ele>4.6</ele><time>2026-06-07T00:09:51.000Z</time></trkpt>
<trkpt lat="31.20311584922816" lon="121.6453054772509"><ele>4.6</ele><time>2026-06-07T00:09:52.000Z</time></trkpt>
<trkpt lat="31.20313784021227" lon="121.6453044771602"><ele>4.6</ele><time>2026-06-07T00:09:53.000Z</time></trkpt>
<trkpt lat="31.20315784420356" lon="121.6452964893993"><ele>4.6</ele><time>2026-06-07T00:09:54.000Z</time></trkpt>
<trkpt lat="31.20317685899269" lon="121.6452825121444"><ele>4.6</ele><time>2026-06-07T00:09:55.000Z</time></trkpt>
<trkpt lat="31.20319387990889" lon="121.6452655402631"><ele>4</ele><time>2026-06-07T00:09:56.000Z</time></trkpt>
<trkpt lat="31.20320890694939" lon="121.6452455737523"><ele>4</ele><time>2026-06-07T00:09:57.000Z</time></trkpt>
<trkpt lat="31.20322393570051" lon="121.6452246089699"><ele>4</ele><time>2026-06-07T00:09:58.000Z</time></trkpt>
<trkpt lat="31.20323896787815" lon="121.6452016476505"><ele>4</ele><time>2026-06-07T00:09:59.000Z</time></trkpt>
<trkpt lat="31.20325499612568" lon="121.6451806827672"><ele>4</ele><time>2026-06-07T00:10:00.000Z</time></trkpt>
<trkpt lat="31.2032700265698" lon="121.6451587196932"><ele>4</ele><time>2026-06-07T00:10:01.000Z</time></trkpt>
<trkpt lat="31.20328605651783" lon="121.6451367565268"><ele>4</ele><time>2026-06-07T00:10:02.000Z</time></trkpt>
<trkpt lat="31.2033000908641" lon="121.6451127969852"><ele>4</ele><time>2026-06-07T00:10:03.000Z</time></trkpt>
<trkpt lat="31.20331312740322" lon="121.6450878392491"><ele>4</ele><time>2026-06-07T00:10:04.000Z</time></trkpt>
<trkpt lat="31.20332516613385" lon="121.6450618833168"><ele>4</ele><time>2026-06-07T00:10:05.000Z</time></trkpt>
<trkpt lat="31.20333720313864" lon="121.6450369256389"><ele>4.1</ele><time>2026-06-07T00:10:06.000Z</time></trkpt>
<trkpt lat="31.20334824233396" lon="121.6450109697639"><ele>4.1</ele><time>2026-06-07T00:10:07.000Z</time></trkpt>
<trkpt lat="31.20336127711559" lon="121.6449870102464"><ele>4.1</ele><time>2026-06-07T00:10:08.000Z</time></trkpt>
<trkpt lat="31.20337530454814" lon="121.64496704371"><ele>4.1</ele><time>2026-06-07T00:10:09.000Z</time></trkpt>
<trkpt lat="31.20339132243556" lon="121.6449520683454"><ele>4.1</ele><time>2026-06-07T00:10:10.000Z</time></trkpt>
<trkpt lat="31.20340832955715" lon="121.6449430825096"><ele>4.1</ele><time>2026-06-07T00:10:11.000Z</time></trkpt>
<trkpt lat="31.20342732542813" lon="121.6449400861226"><ele>4.1</ele><time>2026-06-07T00:10:12.000Z</time></trkpt>
<trkpt lat="31.20344630759998" lon="121.6449450758902"><ele>4.1</ele><time>2026-06-07T00:10:13.000Z</time></trkpt>
<trkpt lat="31.20346628414623" lon="121.6449530603816"><ele>4.1</ele><time>2026-06-07T00:10:14.000Z</time></trkpt>
<trkpt lat="31.20348525432813" lon="121.6449650380305"><ele>4.1</ele><time>2026-06-07T00:10:15.000Z</time></trkpt>
<trkpt lat="31.20350522059404" lon="121.6449790121308"><ele>3.9</ele><time>2026-06-07T00:10:16.000Z</time></trkpt>
<trkpt lat="31.20352319125866" lon="121.6449909898567"><ele>3.9</ele><time>2026-06-07T00:10:17.000Z</time></trkpt>
</trkseg></trk></gpx>